role,shortfall_rule,stress,cash_cushion,policy,n_runs,n_weeks,shortfall_weeks,insolvency_weeks,lost_margin,gross_margin,total_spend,end_net_position,avg_inventory_value,avg_days_inventory,fill_rate,min_cash,gate_binding_weeks,gate_at_risk_weeks,gate_violations
tune,overdraft,0.5,0.35,A,2,52,22,0,5822.900000000001,207512.266,479533.87,18048.26688942308,12080.73576923077,9.412767106277595,0.9708778560819333,1606.7821602564072,0,0,0
tune,overdraft,0.5,0.35,B,2,52,12,0,12191.46,203582.53000000003,455316.26,16083.398889423088,9025.23076923077,7.246306752335186,0.9380710254947136,3110.3243525641446,0,0,0
tune,overdraft,0.5,0.35,C,2,52,14,0,14658.08,202289.926,442413.02,15437.096889423081,9605.305384615385,7.833221094212625,0.9287439638053805,2529.876352564148,19,33,43
tune,overdraft,0.5,0.35,D,2,52,34,6,20849.59,193264.256,437129.86,10924.261889423084,10807.862115384614,9.142637813510586,0.7540235680941048,-4311.399647435859,0,0,0
tune,overdraft,0.5,0.35,C_gate_prop,2,52,15,0,11619.619999999999,203232.76200000002,456143.07999999996,15908.51488942309,10144.929038461538,8.10951327680097,0.9417175794297523,739.1641602564414,9,38,25
tune,overdraft,0.5,0.35,OTB_marginal,2,52,13,0,11612.84,205076.04600000003,456008.52,16830.15688942312,9890.268846153846,7.938962552760475,0.9437325985993013,2996.902352564146,0,0,0
tune,overdraft,0.7,0.35,A,2,52,16,0,5822.900000000001,207512.266,479533.87,17446.49429775641,12080.73576923077,9.412767106277595,0.9708778560819333,2943.4723602564045,0,0,0
tune,overdraft,0.7,0.35,B,2,52,13,0,12191.46,203582.53000000003,455316.26,15481.626297756422,9025.23076923077,7.246306752335186,0.9380710254947136,4447.014552564153,0,0,0
tune,overdraft,0.7,0.35,C,2,52,13,0,12814.76,203902.60600000003,449947.79000000004,15641.664297756419,10447.80173076923,8.442183489330223,0.9377712494054045,4021.5205525641395,22,30,50
tune,overdraft,0.7,0.35,D,2,52,34,6,20849.59,193264.256,437129.86,10322.489297756416,10807.862115384614,9.142637813510586,0.7540235680941048,-2974.709447435862,0,0,0
tune,overdraft,0.7,0.35,C_gate_prop,2,52,12,0,9466.26,204927.81800000003,462479.03,16154.270297756433,10769.477307692308,8.533690627687232,0.95255460556537,2270.884360256452,15,23,59
tune,overdraft,0.7,0.35,OTB_marginal,2,52,13,0,11612.84,205076.04600000003,456008.52,16228.384297756456,9890.268846153846,7.938962552760475,0.9437325985993013,4333.592552564143,0,0,0
tune,overdraft,0.9,0.35,A,2,52,16,0,5822.900000000001,207512.266,479533.87,16844.721706089753,12080.73576923077,9.412767106277595,0.9708778560819333,3983.6663679487556,0,0,0
tune,overdraft,0.9,0.35,B,2,52,11,0,12191.46,203582.53000000003,455316.26,14879.85370608976,9025.23076923077,7.246306752335186,0.9380710254947136,5393.500367948787,0,0,0
tune,overdraft,0.9,0.35,C,2,52,11,0,10984.77,205525.94800000003,456165.7,15851.56270608975,11309.602692307693,9.049413722954217,0.9472644702877648,4857.884367948758,31,21,57
tune,overdraft,0.9,0.35,D,2,52,33,6,20849.59,193264.256,437129.86,9720.716706089748,10807.862115384614,9.142637813510586,0.7540235680941048,-3242.745632051239,0,0,0
tune,overdraft,0.9,0.35,C_gate_prop,2,52,13,0,6777.360000000001,206971.278,474032.61,16574.22770608976,11575.537884615385,9.057944161249754,0.9663246251527061,4447.152752564154,8,18,20
tune,overdraft,0.9,0.35,OTB_marginal,2,52,11,0,11612.84,205076.04600000003,456008.52,15626.611706089778,9890.268846153846,7.938962552760475,0.9437325985993013,5137.810367948759,0,0,0
tune,overdraft,0.7,0.2,A,2,52,25,0,5822.900000000001,207512.266,479533.87,16448.81868525641,12080.73576923077,9.412767106277595,0.9708778560819333,1916.5030602564075,0,0,0
tune,overdraft,0.7,0.2,B,2,52,14,0,12191.46,203582.53000000003,455316.26,14483.950685256426,9025.23076923077,7.246306752335186,0.9380710254947136,3420.045252564156,0,0,0
tune,overdraft,0.7,0.2,C,2,52,16,0,14387.259999999998,202501.402,444621.7899999999,13943.386685256442,9681.298653846156,7.880669772301536,0.9299327360026581,2663.6010602564384,19,33,51
tune,overdraft,0.7,0.2,D,2,52,39,7,20849.59,193264.256,437129.86,9324.813685256417,10807.862115384614,9.142637813510586,0.7540235680941048,-4001.678747435859,0,0,0
tune,overdraft,0.7,0.2,C_gate_prop,2,52,16,0,10115.880000000001,204402.414,461215.83999999997,14893.892685256415,10559.87269230769,8.38542005172568,0.9488571876643916,1264.3270602564335,14,31,46
tune,overdraft,0.7,0.2,OTB_marginal,2,52,15,0,11612.84,205076.04600000003,456008.52,15230.708685256457,9890.268846153846,7.938962552760475,0.9437325985993013,3306.6232525641462,0,0,0
tune,overdraft,0.7,0.75,A,2,52,9,0,5822.900000000001,207512.266,479533.87,20106.96259775641,12080.73576923077,9.412767106277595,0.9708778560819333,5682.057160256409,0,0,0
tune,overdraft,0.7,0.75,B,2,52,2,0,12191.46,203582.53000000003,455316.26,18142.094597756426,9025.23076923077,7.246306752335186,0.9380710254947136,7185.599352564157,0,0,0
tune,overdraft,0.7,0.75,C,2,52,2,0,10968.44,205455.18200000003,457262.57999999996,19078.420597756383,12492.35423076923,9.978065220923828,0.9485501820678177,7798.9659583333305,28,17,31
tune,overdraft,0.7,0.75,D,2,52,17,1,20849.59,193264.256,437129.86,12982.957597756424,10807.862115384614,9.142637813510586,0.7540235680941048,-236.1246474358486,0,0,0
tune,overdraft,0.7,0.75,C_gate_prop,2,52,1,0,7962.25,206076.956,470826.76999999996,19389.3075977564,11176.56,8.794852757553745,0.9601682049093794,8480.543352564111,5,13,14
tune,overdraft,0.7,0.75,OTB_marginal,2,52,2,0,11612.84,205076.04600000003,456008.52,18888.852597756457,9890.268846153846,7.938962552760475,0.9437325985993013,7072.177352564147,0,0,0
holdout,overdraft,0.5,0.35,A,2,52,3,0,4901.64,228208.05400000003,522607.23,27441.108036057674,12244.060192307694,8.72993044766869,0.9786750424503051,7314.423967948704,0,0,0
holdout,overdraft,0.5,0.35,B,2,52,0,0,10294.390000000001,225150.80000000002,501681.11,25912.481036057678,9258.940576923076,6.757828673592815,0.9524170500662278,9949.53796794869,0,0,0
holdout,overdraft,0.5,0.35,C,2,52,0,0,8777.400000000001,227101.45400000003,519622.79,26887.80803605765,13522.49576923077,9.8242296095788,0.9624940012860135,8659.988532051266,30,12,27
holdout,overdraft,0.5,0.35,D,2,52,12,0,17952.94,215974.33000000002,482328.48999999993,21324.246036057673,11155.024423076924,8.546059784690577,0.7877281161117822,5534.564737179484,0,0,0
holdout,overdraft,0.5,0.35,C_gate_prop,2,52,0,0,7790.42,226046.978,515234.47,26360.57003605766,11292.139230769231,8.148068039802983,0.964463885678499,9206.134737179469,12,7,32
holdout,overdraft,0.5,0.35,OTB_marginal,2,52,0,0,9713.25,226622.37999999998,501745.29,26648.271036057653,10200.651538461538,7.459516066558848,0.9598110754172036,9151.825967948698,0,0,0
holdout,overdraft,0.7,0.35,A,2,52,0,0,4901.64,228208.05400000003,522607.23,26843.454723557672,12244.060192307694,8.72993044766869,0.9786750424503051,8631.556642307674,0,0,0
holdout,overdraft,0.7,0.35,B,2,52,0,0,10294.390000000001,225150.80000000002,501681.11,25314.827723557668,9258.940576923076,6.757828673592815,0.9524170500662278,11266.670642307672,0,0,0
holdout,overdraft,0.7,0.35,C,2,52,0,0,6829.98,228857.354,522480.31,27168.104723557655,14766.975384615384,10.632906193829307,0.9710725627829301,8789.807411538473,29,6,35
holdout,overdraft,0.7,0.35,D,2,52,10,0,17952.94,215974.33000000002,482328.48999999993,20726.592723557667,11155.024423076924,8.546059784690577,0.7877281161117822,6851.697411538451,0,0,0
holdout,overdraft,0.7,0.35,C_gate_prop,2,52,0,0,5788.6900000000005,227566.028,520473.17000000004,26522.441723557655,11916.836153846154,8.527320062530386,0.9744111425855484,9955.398949999968,5,3,6
holdout,overdraft,0.7,0.35,OTB_marginal,2,52,0,0,9713.25,226622.37999999998,501745.29,26050.617723557676,10200.651538461538,7.459516066558848,0.9598110754172036,10468.95864230768,0,0,0
holdout,overdraft,0.9,0.35,A,2,52,0,0,4901.64,228208.05400000003,522607.23,26245.801411057673,12244.060192307694,8.72993044766869,0.9786750424503051,9500.624137179468,0,0,0
holdout,overdraft,0.9,0.35,B,2,52,0,0,10294.390000000001,225150.80000000002,501681.11,24717.174411057676,9258.940576923076,6.757828673592815,0.9524170500662278,11394.485627243585,0,0,0
holdout,overdraft,0.9,0.35,C,2,52,0,0,6389.73,229254.212,528473.86,26768.880411057602,15355.802884615385,11.02965615617773,0.9731519260384006,8616.456870833292,27,7,29
holdout,overdraft,0.9,0.35,D,2,52,2,0,17952.94,215974.33000000002,482328.48999999993,20128.93941105766,11155.024423076924,8.546059784690577,0.7877281161117822,8168.830085897411,0,0,0
holdout,overdraft,0.9,0.35,C_gate_prop,2,52,0,0,5065.570000000001,228137.684,522152.46,26210.616411057643,12129.257884615385,8.654196383711739,0.9778607847057076,10171.546137179448,4,0,11
holdout,overdraft,0.9,0.35,OTB_marginal,2,52,0,0,9713.25,226622.37999999998,501745.29,25452.964411057674,10200.651538461538,7.459516066558848,0.9598110754172036,11319.402137179462,0,0,0
holdout,overdraft,0.7,0.2,A,2,52,3,0,4901.64,228208.05400000003,522607.23,25852.608442307668,12244.060192307694,8.72993044766869,0.9786750424503051,7619.613246153829,0,0,0
holdout,overdraft,0.7,0.2,B,2,52,0,0,10294.390000000001,225150.80000000002,501681.11,24323.981442307668,9258.940576923076,6.757828673592815,0.9524170500662278,10254.727246153827,0,0,0
holdout,overdraft,0.7,0.2,C,2,52,1,0,7955.920000000001,227853.366,523940.43999999994,25675.26444230767,13631.300769230767,9.865180083254499,0.9662657083600967,8254.758323076916,32,9,49
holdout,overdraft,0.7,0.2,D,2,52,16,0,17952.94,215974.33000000002,482328.48999999993,19735.746442307667,11155.024423076924,8.546059784690577,0.7877281161117822,5839.754015384606,0,0,0
holdout,overdraft,0.7,0.2,C_gate_prop,2,52,0,0,6926.120000000001,226786.42200000002,517286.82999999996,25141.79244230767,11423.568269230767,8.212659103811836,0.9687721885993528,9114.675553846128,11,7,56
holdout,overdraft,0.7,0.2,OTB_marginal,2,52,0,0,9713.25,226622.37999999998,501745.29,25059.771442307676,10200.651538461538,7.459516066558848,0.9598110754172036,9457.015246153835,0,0,0
holdout,overdraft,0.7,0.75,A,2,52,0,0,4901.64,228208.05400000003,522607.23,29485.711473557676,12244.060192307694,8.72993044766869,0.9786750424503051,11330.0723653846,0,0,0
holdout,overdraft,0.7,0.75,B,2,52,0,0,10294.390000000001,225150.80000000002,501681.11,27957.084473557672,9258.940576923076,6.757828673592815,0.9524170500662278,13949.697716346149,0,0,0
holdout,overdraft,0.7,0.75,C,2,52,0,0,5247.1900000000005,230168.97600000002,531714.6599999999,30466.17247355766,16896.04153846154,12.071214450496088,0.9783712081800906,8618.441447115358,16,4,3
holdout,overdraft,0.7,0.75,D,2,52,0,0,17952.94,215974.33000000002,482328.48999999993,23368.849473557668,11155.024423076924,8.546059784690577,0.7877281161117822,9550.21313461537,0,0,0
holdout,overdraft,0.7,0.75,C_gate_prop,2,52,0,0,4901.64,228208.05400000003,522607.23,29485.711473557676,12244.060192307694,8.72993044766869,0.9786750424503051,11330.0723653846,0,0,0
holdout,overdraft,0.7,0.75,OTB_marginal,2,52,0,0,9713.25,226622.37999999998,501745.29,28692.87447355768,10200.651538461538,7.459516066558848,0.9598110754172036,13167.474365384609,0,0,0
tune,cut_proportional,0.5,0.35,A,2,52,16,0,21044.4,194349.766,421442.42000000004,11467.016889423094,9493.98903846154,7.933530295607961,0.8980555176550187,289.4099679487763,0,0,0
tune,cut_proportional,0.5,0.35,B,2,52,13,3,30112.350000000002,186519.568,396128.97,7551.917889423079,7913.85423076923,6.937373603001689,0.8558620218489907,-6077.394032051232,0,0,0
tune,cut_proportional,0.5,0.35,C,2,52,15,4,45043.07000000001,173258.248,356683.72,921.2578894230819,7072.493461538461,6.833882012744559,0.7872096808835909,-14506.870032051253,16,36,28
tune,cut_proportional,0.5,0.35,D,2,52,28,10,67252.15000000001,149843.85600000003,306071.5399999999,-10785.938110576917,7156.059807692307,8.140207487332788,0.5824759593626565,-34378.84203205123,0,0,0
tune,cut_proportional,0.5,0.35,C_gate_prop,2,52,13,3,33043.090000000004,183799.14800000002,387955.18000000005,6191.707889423116,7607.150576923077,6.808250547749468,0.8423143648706299,-5721.890032051213,11,37,40
tune,cut_proportional,0.5,0.35,OTB_marginal,2,52,13,1,25327.69,192213.02000000002,404700.32,10398.643889423107,8553.519807692308,7.338177764327823,0.8786239186884108,-420.7140320512326,0,0,0
tune,cut_proportional,0.7,0.35,A,2,52,10,0,12753.740000000002,202066.962,450267.48,14723.842297756417,10197.162115384615,8.196247001494712,0.936151162520312,5938.520552564107,0,0,0
tune,cut_proportional,0.7,0.35,B,2,52,11,0,22270.469999999998,194176.12,414765.35,10778.421297756417,8163.4369230769225,6.875459160494921,0.8898364065089392,1001.6021679487749,0,0,0
tune,cut_proportional,0.7,0.35,C,2,52,12,0,24470.950000000004,193257.24,404478.13999999996,10318.981297756438,8566.0875,7.3360287323622195,0.8804672850005355,2364.4481679487817,29,23,81
tune,cut_proportional,0.7,0.35,D,2,52,26,8,60336.36,156427.982,323087.11,-8095.647702243583,7647.253269230769,8.216411724698158,0.608366402884634,-30659.943832051227,0,0,0
tune,cut_proportional,0.7,0.35,C_gate_prop,2,52,10,0,19915.33,196107.28399999999,423331.0,11744.003297756424,8659.8475,7.2212756602560155,0.9008231503800037,4338.198167948777,17,21,75
tune,cut_proportional,0.7,0.35,OTB_marginal,2,52,11,0,17644.93,199607.38800000004,429849.66000000003,13494.055297756458,9010.478653846154,7.441385482231091,0.9138917698216276,5545.610552564138,0,0,0
tune,cut_proportional,0.9,0.35,A,2,52,7,0,10033.32,204433.998,459003.04000000004,15305.587706089744,10644.0425,8.449394103351016,0.9495268189319299,7300.6767525641335,0,0,0
tune,cut_proportional,0.9,0.35,B,2,52,8,0,17392.57,198834.78000000003,431591.51,12505.978706089754,8435.834038461539,6.941641731727218,0.9129570081580378,4847.880367948779,0,0,0
tune,cut_proportional,0.9,0.35,C,2,52,6,0,16431.0,200839.582,433992.18999999994,13508.37970608972,10008.591538461538,8.22930639162858,0.9194652065720621,6424.488752564106,32,20,110
tune,cut_proportional,0.9,0.35,D,2,52,20,8,56247.74999999999,160301.544,332170.0,-6760.639293910268,7890.259807692307,8.199738692278753,0.6232409343353462,-27948.627632051248,0,0,0
tune,cut_proportional,0.9,0.35,C_gate_prop,2,52,6,0,11847.49,203041.996,452247.42999999993,14609.586706089744,10077.707884615384,8.07119392452111,0.9401575074485404,6959.366367948764,8,17,15
tune,cut_proportional,0.9,0.35,OTB_marginal,2,52,7,0,14965.59,202107.352,439102.65,14142.26470608978,9274.450961538461,7.564751866740535,0.927342291834776,6535.606367948765,0,0,0
tune,cut_proportional,0.7,0.2,A,2,52,17,2,24727.08,190849.494,412626.95999999996,8117.432685256422,9262.948076923078,7.8758918995154215,0.8815385286933555,-5010.029132051234,0,0,0
tune,cut_proportional,0.7,0.2,B,2,52,14,4,34611.84,182149.67799999999,386025.05999999994,3767.5246852564123,7765.218269230771,6.972381340290497,0.8357520108322463,-11928.837132051232,0,0,0
tune,cut_proportional,0.7,0.2,C,2,52,14,4,38025.229999999996,180104.008,371183.71,2744.6896852564123,7405.719230769231,6.850159327508074,0.8192315966073063,-10038.651132051244,19,33,42
tune,cut_proportional,0.7,0.2,D,2,52,30,11,69640.48000000001,147762.206,298050.73,-13426.211314743603,6879.760961538462,7.995610771839777,0.5731973365504142,-37522.84913205125,0,0,0
tune,cut_proportional,0.7,0.2,C_gate_prop,2,52,14,5,41909.73,174984.46800000002,368448.9099999999,184.91968525643279,7574.491153846153,7.12713091559287,0.8038812727537903,-17329.15913205121,17,29,53
tune,cut_proportional,0.7,0.2,OTB_marginal,2,52,14,2,28985.050000000003,188600.13199999998,396256.0800000001,6992.751685256431,8424.938076923077,7.356856497402583,0.8626179503481477,-5938.267132051247,0,0,0
tune,cut_proportional,0.7,0.75,A,2,52,3,0,6763.200000000001,207030.638,473913.5,19866.148597756408,11531.921153846155,9.023593323962501,0.966256756078913,7007.341352564112,0,0,0
tune,cut_proportional,0.7,0.75,B,2,52,2,0,12949.64,202937.59,452132.47,17819.62459775642,8888.675576923077,7.162223949400763,0.9342452782155246,7093.78535256414,0,0,0
tune,cut_proportional,0.7,0.75,C,2,52,2,0,13345.76,203597.43,450082.92,18149.544597756434,11572.33326923077,9.35870083439144,0.9355304549639851,7798.9659583333305,30,15,32
tune,cut_proportional,0.7,0.75,D,2,52,15,4,39657.270000000004,175908.928,374247.81999999995,4305.293597756425,9051.815384615384,8.422097715036847,0.6835624482522027,-10466.059032051224,0,0,0
tune,cut_proportional,0.7,0.75,C_gate_prop,2,52,2,0,8830.550000000001,205433.61599999998,466889.9099999999,19067.637597756417,10949.521923076922,8.648822989955349,0.9557283245143207,8435.615160256439,6,11,13
tune,cut_proportional,0.7,0.75,OTB_marginal,2,52,2,0,12272.04,204531.926,452731.53,18616.792597756456,9741.109615384616,7.844185621659076,0.9402793582920334,6979.163352564148,0,0,0
holdout,cut_proportional,0.5,0.35,A,2,52,1,0,5632.63,227766.392,520690.72,27220.277036057654,11803.663269230768,8.440545908267957,0.9751990669082617,7314.423967948704,0,0,0
holdout,cut_proportional,0.5,0.35,B,2,52,0,0,10430.720000000001,224994.48599999998,501419.95999999996,25834.324036057675,9238.381153846154,6.747158026859385,0.9519778998219505,9949.53796794869,0,0,0
holdout,cut_proportional,0.5,0.35,C,2,52,0,0,11615.670000000002,224993.96800000002,503803.14,25834.065036057666,11682.642692307694,8.595728847354858,0.9499533896671047,8776.656737179466,40,5,50
holdout,cut_proportional,0.5,0.35,D,2,52,9,0,20196.8,214433.56600000002,477340.82,20553.86403605766,10168.072115384615,7.8618517781781865,0.7809906827582254,6380.581967948707,0,0,0
holdout,cut_proportional,0.5,0.35,C_gate_prop,2,52,0,0,8429.7,225814.51400000002,513343.53,26244.338036057667,10702.500961538462,7.743045399934626,0.9613908672700805,9258.422737179462,13,5,43
holdout,cut_proportional,0.5,0.35,OTB_marginal,2,52,0,0,9883.43,226469.07200000001,501367.34,26571.617036057643,10138.119615384614,7.4188786696899065,0.9589373494103601,9151.825967948698,0,0,0
holdout,cut_proportional,0.7,0.35,A,2,52,0,0,5103.74,228108.85,522000.1,26793.852723557677,12082.857307692308,8.622058456806883,0.9775588689127669,8631.556642307674,0,0,0
holdout,cut_proportional,0.7,0.35,B,2,52,0,0,10294.390000000001,225150.80000000002,501681.11,25314.827723557668,9258.940576923076,6.757828673592815,0.9524170500662278,11266.670642307672,0,0,0
holdout,cut_proportional,0.7,0.35,C,2,52,0,0,8254.529999999999,228042.284,523206.42,26760.569723557688,13547.704038461536,9.809270255890027,0.9646047826339783,8860.309411538445,33,2,41
holdout,cut_proportional,0.7,0.35,D,2,52,5,0,19062.41,215330.49200000003,479659.86,20404.673723557644,10535.497307692309,8.109955276736171,0.7838947004377781,7697.714642307681,0,0,0
holdout,cut_proportional,0.7,0.35,C_gate_prop,2,52,0,0,6212.73,227305.03600000002,519354.33999999997,26391.945723557677,11607.516346153847,8.319248911445486,0.9724125233840071,10176.288642307674,7,1,17
holdout,cut_proportional,0.7,0.35,OTB_marginal,2,52,0,0,9713.25,226622.37999999998,501745.29,26050.617723557676,10200.651538461538,7.459516066558848,0.9598110754172036,10468.95864230768,0,0,0
holdout,cut_proportional,0.9,0.35,A,2,52,0,0,4955.43,228212.73600000003,522436.75,26248.142411057685,12183.90403846154,8.689196662541343,0.9783090839134073,9948.689316666649,0,0,0
holdout,cut_proportional,0.9,0.35,B,2,52,0,0,10294.390000000001,225150.80000000002,501681.11,24717.174411057676,9258.940576923076,6.757828673592815,0.9524170500662278,11394.485627243585,0,0,0
holdout,cut_proportional,0.9,0.35,C,2,52,0,0,6918.41,229278.89200000002,527005.9299999999,26781.220411057664,14794.087884615385,10.641689579921403,0.9708544497913932,9663.967370833325,27,0,11
holdout,cut_proportional,0.9,0.35,D,2,52,0,0,18604.77,215646.988,480728.13999999996,19965.26841105766,10714.558269230769,8.232031700472222,0.7848004478166,8950.382701282018,0,0,0
holdout,cut_proportional,0.9,0.35,C_gate_prop,2,52,0,0,5103.81,228101.89200000002,522049.60000000003,26192.72041105767,12070.250192307692,8.613577935927074,0.9774765282419648,10424.471316666644,2,0,7
holdout,cut_proportional,0.9,0.35,OTB_marginal,2,52,0,0,9713.25,226622.37999999998,501745.29,25452.964411057674,10200.651538461538,7.459516066558848,0.9598110754172036,11319.402137179462,0,0,0
holdout,cut_proportional,0.7,0.2,A,2,52,1,0,5683.43,227792.28,520464.4,25644.721442307666,11736.733653846153,8.394737795694505,0.9747974381347435,8356.021246153829,0,0,0
holdout,cut_proportional,0.7,0.2,B,2,52,0,0,10294.390000000001,225150.80000000002,501681.11,24323.981442307668,9258.940576923076,6.757828673592815,0.9524170500662278,10254.727246153827,0,0,0
holdout,cut_proportional,0.7,0.2,C,2,52,0,0,9642.56,226791.95799999998,516841.13,25144.560442307687,12530.070000000002,9.136640794859138,0.9591728610363064,9176.176503846178,37,2,42
holdout,cut_proportional,0.7,0.2,D,2,52,7,0,20689.92,214087.398,473181.55,18792.280442307652,9983.67730769231,7.734975474276345,0.7769972942334156,6685.771246153836,0,0,0
holdout,cut_proportional,0.7,0.2,C_gate_prop,2,52,0,0,7288.730000000001,226722.96399999998,516020.58,25110.063442307684,11007.307884615384,7.925852889027927,0.9667869441807266,9729.453003846149,12,4,53
holdout,cut_proportional,0.7,0.2,OTB_marginal,2,52,0,0,9788.600000000002,226555.54200000002,501572.14,25026.35244230766,10170.069038461537,7.439734233804128,0.9594634148071506,9457.015246153835,0,0,0
holdout,cut_proportional,0.7,0.75,A,2,52,0,0,4901.64,228208.05400000003,522607.23,29485.711473557676,12244.060192307694,8.72993044766869,0.9786750424503051,11330.0723653846,0,0,0
holdout,cut_proportional,0.7,0.75,B,2,52,0,0,10294.390000000001,225150.80000000002,501681.11,27957.084473557672,9258.940576923076,6.757828673592815,0.9524170500662278,13949.697716346149,0,0,0
holdout,cut_proportional,0.7,0.75,C,2,52,0,0,6242.93,229577.956,528964.25,30170.662473557677,16027.446730769228,11.493255162904632,0.9736326086812063,9315.417447115382,19,1,0
holdout,cut_proportional,0.7,0.75,D,2,52,0,0,18023.27,215950.336,482118.54999999993,23356.852473557665,11092.594807692309,8.500969304884734,0.7875405623616221,9550.21313461537,0,0,0
holdout,cut_proportional,0.7,0.75,C_gate_prop,2,52,0,0,4901.64,228208.05400000003,522607.23,29485.711473557676,12244.060192307694,8.72993044766869,0.9786750424503051,11330.0723653846,0,0,0
holdout,cut_proportional,0.7,0.75,OTB_marginal,2,52,0,0,9713.25,226622.37999999998,501745.29,28692.87447355768,10200.651538461538,7.459516066558848,0.9598110754172036,13167.474365384609,0,0,0
