scenario,window,role,stress,cash_cushion,shortfall_rule,window_start,rev_star,repl_star,gm_star,fixed_avg,fixed_base,lump,lump_every,lump_offset,buffer,start_cash,stress_attainable
W1_s50_c0.35_overdraft,W1,tune,0.5,0.35,overdraft,173,28770.61153846154,20035.699999999997,8734.911538461543,8298.165961538465,4813.300769230773,13939.460769230769,4,2,16596.33192307693,20102.57942307693,True
W1_s70_c0.35_overdraft,W1,tune,0.7,0.35,overdraft,173,28770.61153846154,20035.699999999997,8734.911538461543,8298.165961538465,6149.014102564106,8596.607435897437,4,2,16596.33192307693,21505.078423076928,True
W1_s90_c0.35_overdraft,W1,tune,0.9,0.35,overdraft,173,28770.61153846154,20035.699999999997,8734.911538461543,8298.165961538465,7484.727435897439,3253.7541025641026,4,2,16596.33192307693,22907.57742307693,True
W1_s70_c0.2_overdraft,W1,tune,0.7,0.2,overdraft,173,28770.61153846154,20035.699999999997,8734.911538461543,8298.165961538465,6149.014102564106,8596.607435897437,4,2,16596.33192307693,19401.32992307693,True
W1_s70_c0.75_overdraft,W1,tune,0.7,0.75,overdraft,173,28770.61153846154,20035.699999999997,8734.911538461543,8298.165961538465,6149.014102564106,8596.607435897437,4,2,16596.33192307693,27115.074423076927,True
W2_s50_c0.35_overdraft,W2,tune,0.5,0.35,overdraft,199,27581.790192307693,18880.562115384615,8701.228076923078,8266.166673076925,4974.385852564104,13167.123282051281,4,2,16532.33334615385,19836.431716346156,True
W2_s70_c0.35_overdraft,W2,tune,0.7,0.35,overdraft,199,27581.790192307693,18880.562115384615,8701.228076923078,8266.166673076925,6233.089993589745,8132.30671794872,4,2,16532.33334615385,21158.07106442308,True
W2_s90_c0.35_overdraft,W2,tune,0.9,0.35,overdraft,199,27581.790192307693,18880.562115384615,8701.228076923078,8266.166673076925,7491.794134615387,3097.490153846154,4,2,16532.33334615385,22479.710412500004,True
W2_s70_c0.2_overdraft,W2,tune,0.7,0.2,overdraft,199,27581.790192307693,18880.562115384615,8701.228076923078,8266.166673076925,6233.089993589745,8132.30671794872,4,2,16532.33334615385,19175.612042307694,True
W2_s70_c0.75_overdraft,W2,tune,0.7,0.75,overdraft,199,27581.790192307693,18880.562115384615,8701.228076923078,8266.166673076925,6233.089993589745,8132.30671794872,4,2,16532.33334615385,26444.62845673077,True
W3_s50_c0.35_overdraft,W3,holdout,0.5,0.35,overdraft,225,26816.95423076923,18124.568653846152,8692.38557692308,8257.766298076926,5092.131762820516,12662.53814102564,4,2,16515.53259615385,19687.33211057693,True
W3_s70_c0.35_overdraft,W3,holdout,0.7,0.35,overdraft,225,26816.95423076923,18124.568653846152,8692.38557692308,8257.766298076926,6300.436339743592,7829.319833333334,4,2,16515.53259615385,20956.051916346158,True
W3_s90_c0.35_overdraft,W3,holdout,0.9,0.35,overdraft,225,26816.95423076923,18124.568653846152,8692.38557692308,8257.766298076926,7508.740916666669,2996.101525641025,4,2,16515.53259615385,22224.771722115387,True
W3_s70_c0.2_overdraft,W3,holdout,0.7,0.2,overdraft,225,26816.95423076923,18124.568653846152,8692.38557692308,8257.766298076926,6300.436339743592,7829.319833333334,4,2,16515.53259615385,19052.972207692314,True
W3_s70_c0.75_overdraft,W3,holdout,0.7,0.75,overdraft,225,26816.95423076923,18124.568653846152,8692.38557692308,8257.766298076926,6300.436339743592,7829.319833333334,4,2,16515.53259615385,26030.93113942308,True
W4_s50_c0.35_overdraft,W4,holdout,0.5,0.35,overdraft,251,25119.257500000003,16885.476346153846,8233.781153846157,7822.0920961538495,4870.616352564106,11805.902974358976,4,2,15644.184192307699,18599.142552884623,True
W4_s70_c0.35_overdraft,W4,holdout,0.7,0.35,overdraft,251,25119.257500000003,16885.476346153846,8233.781153846157,7822.0920961538495,5996.314775641029,7303.109282051283,4,2,15644.184192307699,19781.12589711539,True
W4_s90_c0.35_overdraft,W4,holdout,0.9,0.35,overdraft,251,25119.257500000003,16885.476346153846,8233.781153846157,7822.0920961538495,7122.013198717952,2800.31558974359,4,2,15644.184192307699,20963.10924134616,True
W4_s70_c0.2_overdraft,W4,holdout,0.7,0.2,overdraft,251,25119.257500000003,16885.476346153846,8233.781153846157,7822.0920961538495,5996.314775641029,7303.109282051283,4,2,15644.184192307699,18008.150880769237,True
W4_s70_c0.75_overdraft,W4,holdout,0.7,0.75,overdraft,251,25119.257500000003,16885.476346153846,8233.781153846157,7822.0920961538495,5996.314775641029,7303.109282051283,4,2,15644.184192307699,24509.059274038467,True
W1_s50_c0.35_cut_proportional,W1,tune,0.5,0.35,cut_proportional,173,28770.61153846154,20035.699999999997,8734.911538461543,8298.165961538465,4813.300769230773,13939.460769230769,4,2,16596.33192307693,20102.57942307693,True
W1_s70_c0.35_cut_proportional,W1,tune,0.7,0.35,cut_proportional,173,28770.61153846154,20035.699999999997,8734.911538461543,8298.165961538465,6149.014102564106,8596.607435897437,4,2,16596.33192307693,21505.078423076928,True
W1_s90_c0.35_cut_proportional,W1,tune,0.9,0.35,cut_proportional,173,28770.61153846154,20035.699999999997,8734.911538461543,8298.165961538465,7484.727435897439,3253.7541025641026,4,2,16596.33192307693,22907.57742307693,True
W1_s70_c0.2_cut_proportional,W1,tune,0.7,0.2,cut_proportional,173,28770.61153846154,20035.699999999997,8734.911538461543,8298.165961538465,6149.014102564106,8596.607435897437,4,2,16596.33192307693,19401.32992307693,True
W1_s70_c0.75_cut_proportional,W1,tune,0.7,0.75,cut_proportional,173,28770.61153846154,20035.699999999997,8734.911538461543,8298.165961538465,6149.014102564106,8596.607435897437,4,2,16596.33192307693,27115.074423076927,True
W2_s50_c0.35_cut_proportional,W2,tune,0.5,0.35,cut_proportional,199,27581.790192307693,18880.562115384615,8701.228076923078,8266.166673076925,4974.385852564104,13167.123282051281,4,2,16532.33334615385,19836.431716346156,True
W2_s70_c0.35_cut_proportional,W2,tune,0.7,0.35,cut_proportional,199,27581.790192307693,18880.562115384615,8701.228076923078,8266.166673076925,6233.089993589745,8132.30671794872,4,2,16532.33334615385,21158.07106442308,True
W2_s90_c0.35_cut_proportional,W2,tune,0.9,0.35,cut_proportional,199,27581.790192307693,18880.562115384615,8701.228076923078,8266.166673076925,7491.794134615387,3097.490153846154,4,2,16532.33334615385,22479.710412500004,True
W2_s70_c0.2_cut_proportional,W2,tune,0.7,0.2,cut_proportional,199,27581.790192307693,18880.562115384615,8701.228076923078,8266.166673076925,6233.089993589745,8132.30671794872,4,2,16532.33334615385,19175.612042307694,True
W2_s70_c0.75_cut_proportional,W2,tune,0.7,0.75,cut_proportional,199,27581.790192307693,18880.562115384615,8701.228076923078,8266.166673076925,6233.089993589745,8132.30671794872,4,2,16532.33334615385,26444.62845673077,True
W3_s50_c0.35_cut_proportional,W3,holdout,0.5,0.35,cut_proportional,225,26816.95423076923,18124.568653846152,8692.38557692308,8257.766298076926,5092.131762820516,12662.53814102564,4,2,16515.53259615385,19687.33211057693,True
W3_s70_c0.35_cut_proportional,W3,holdout,0.7,0.35,cut_proportional,225,26816.95423076923,18124.568653846152,8692.38557692308,8257.766298076926,6300.436339743592,7829.319833333334,4,2,16515.53259615385,20956.051916346158,True
W3_s90_c0.35_cut_proportional,W3,holdout,0.9,0.35,cut_proportional,225,26816.95423076923,18124.568653846152,8692.38557692308,8257.766298076926,7508.740916666669,2996.101525641025,4,2,16515.53259615385,22224.771722115387,True
W3_s70_c0.2_cut_proportional,W3,holdout,0.7,0.2,cut_proportional,225,26816.95423076923,18124.568653846152,8692.38557692308,8257.766298076926,6300.436339743592,7829.319833333334,4,2,16515.53259615385,19052.972207692314,True
W3_s70_c0.75_cut_proportional,W3,holdout,0.7,0.75,cut_proportional,225,26816.95423076923,18124.568653846152,8692.38557692308,8257.766298076926,6300.436339743592,7829.319833333334,4,2,16515.53259615385,26030.93113942308,True
W4_s50_c0.35_cut_proportional,W4,holdout,0.5,0.35,cut_proportional,251,25119.257500000003,16885.476346153846,8233.781153846157,7822.0920961538495,4870.616352564106,11805.902974358976,4,2,15644.184192307699,18599.142552884623,True
W4_s70_c0.35_cut_proportional,W4,holdout,0.7,0.35,cut_proportional,251,25119.257500000003,16885.476346153846,8233.781153846157,7822.0920961538495,5996.314775641029,7303.109282051283,4,2,15644.184192307699,19781.12589711539,True
W4_s90_c0.35_cut_proportional,W4,holdout,0.9,0.35,cut_proportional,251,25119.257500000003,16885.476346153846,8233.781153846157,7822.0920961538495,7122.013198717952,2800.31558974359,4,2,15644.184192307699,20963.10924134616,True
W4_s70_c0.2_cut_proportional,W4,holdout,0.7,0.2,cut_proportional,251,25119.257500000003,16885.476346153846,8233.781153846157,7822.0920961538495,5996.314775641029,7303.109282051283,4,2,15644.184192307699,18008.150880769237,True
W4_s70_c0.75_cut_proportional,W4,holdout,0.7,0.75,cut_proportional,251,25119.257500000003,16885.476346153846,8233.781153846157,7822.0920961538495,5996.314775641029,7303.109282051283,4,2,15644.184192307699,24509.059274038467,True
