scenario,window,role,stress,cash_cushion,shortfall_rule,policy,n_weeks,shortfall_weeks,insolvency_weeks,fill_rate,lost_margin,gross_margin,revenue,total_spend,end_cash,end_net_position,min_cash,avg_inventory_value,avg_days_inventory,spoil_loss,order_cut_weeks,gate_binding_weeks,gate_at_risk_weeks,gate_violations,gate_evals_mean
W1_s50_c0.35_overdraft,W1,tune,0.5,0.35,overdraft,A,26,5,0,0.9679440018497888,8598.34,217595.12800000003,701483.2300000001,478722.16,31152.91280769227,46347.26280769228,12149.638346153872,25923.023076923077,9.917634067173212,8170.7919999999995,0,0,0,0,
W1_s50_c0.35_overdraft,W1,tune,0.5,0.35,overdraft,B,26,1,0,0.9309872646849503,17151.340000000004,211174.34399999998,675074.4899999999,451631.06000000006,29849.558807692232,39926.47880769225,15563.710346153865,19435.243846153848,7.725510529306927,6038.575999999999,0,0,0,0,
W1_s50_c0.35_overdraft,W1,tune,0.5,0.35,overdraft,C,26,1,0,0.9157325133404002,20378.149999999998,209055.21400000004,662484.8099999999,436425.43,24292.0188076922,37807.3488076922,12408.836346153832,19943.46576923077,8.093024060047444,4930.896,0,9,17,12,16.0
W1_s50_c0.35_overdraft,W1,tune,0.5,0.35,overdraft,D,26,14,0,0.7965052205482702,25965.23,200992.238,643612.1799999999,432553.79,16743.092807692243,29744.372807692245,6277.572961538426,22736.777692307693,9.50819969479323,7406.7919999999995,0,0,0,0,
W1_s50_c0.35_overdraft,W1,tune,0.5,0.35,overdraft,C_gate_prop,26,1,0,0.9365516454411416,16040.010000000002,211880.81,678530.65,457326.52999999997,30803.834807692343,40632.94480769234,13514.560346153863,20691.042692307692,8.182784441937356,6443.44,0,5,18,28,14.076923076923077
W1_s50_c0.35_overdraft,W1,tune,0.5,0.35,overdraft,OTB_marginal,26,2,0,0.9319602055187366,16337.94,212964.104,675825.4299999999,452020.4000000001,29665.748807692205,41716.238807692214,13865.334346153853,20951.06730769231,8.329186681905083,5062.215999999999,0,0,0,0,
W1_s70_c0.35_overdraft,W1,tune,0.7,0.35,overdraft,A,26,5,0,0.9679440018497888,8598.34,217595.12800000003,701483.2300000001,478722.16,29883.985141025587,45078.33514102559,14887.850679487197,25923.023076923077,9.917634067173212,8170.7919999999995,0,0,0,0,
W1_s70_c0.35_overdraft,W1,tune,0.7,0.35,overdraft,B,26,0,0,0.9309872646849503,17151.340000000004,211174.34399999998,675074.4899999999,451631.06000000006,28580.631141025562,38657.551141025564,18301.92267948719,19435.243846153848,7.725510529306927,6038.575999999999,0,0,0,0,
W1_s70_c0.35_overdraft,W1,tune,0.7,0.35,overdraft,C,26,2,0,0.9324076381861259,16371.119999999999,212722.99599999998,675670.9199999999,452873.29000000004,24107.35314102562,40206.20314102563,11900.44067948719,23384.82,9.29920006166784,5270.144,0,13,13,32,15.846153846153847
W1_s70_c0.35_overdraft,W1,tune,0.7,0.35,overdraft,D,26,14,0,0.7965052205482702,25965.23,200992.238,643612.1799999999,432553.79,15474.165141025587,28475.44514102559,9015.78529487177,22736.777692307693,9.50819969479323,7406.7919999999995,0,0,0,0,
W1_s70_c0.35_overdraft,W1,tune,0.7,0.35,overdraft,C_gate_prop,26,1,0,0.9558933488683558,11428.4,215497.27600000004,692815.0900000001,471967.72,29092.70314102562,42980.48314102562,15529.8606794872,23670.820384615385,9.168503383305536,7438.583999999999,0,10,4,37,8.923076923076923
W1_s70_c0.35_overdraft,W1,tune,0.7,0.35,overdraft,OTB_marginal,26,0,0,0.9319602055187366,16337.94,212964.104,675825.4299999999,452020.4000000001,28396.821141025535,40447.31114102553,16603.546679487183,20951.06730769231,8.329186681905083,5062.215999999999,0,0,0,0,
W1_s90_c0.35_overdraft,W1,tune,0.9,0.35,overdraft,A,26,1,0,0.9679440018497888,8598.34,217595.12800000003,701483.2300000001,478722.16,28615.05747435893,43809.40747435894,16517.940141025658,25923.023076923077,9.917634067173212,8170.7919999999995,0,0,0,0,
W1_s90_c0.35_overdraft,W1,tune,0.9,0.35,overdraft,B,26,0,0,0.9309872646849503,17151.340000000004,211174.34399999998,675074.4899999999,451631.06000000006,27311.703474358892,37388.62347435891,19115.623987179497,19435.243846153848,7.725510529306927,6038.575999999999,0,0,0,0,
W1_s90_c0.35_overdraft,W1,tune,0.9,0.35,overdraft,C,26,3,0,0.9437676232917231,13424.840000000002,215452.40399999998,685308.5299999999,466181.62000000005,22511.363474358943,41666.68347435893,11813.96101282051,25851.739230769228,10.132061841925703,5487.015999999999,0,16,10,43,15.961538461538462
W1_s90_c0.35_overdraft,W1,tune,0.9,0.35,overdraft,D,26,11,0,0.7965052205482702,25965.23,200992.238,643612.1799999999,432553.79,14205.237474358932,27206.517474358934,11753.997628205114,22736.777692307693,9.50819969479323,7406.7919999999995,0,0,0,0,
W1_s90_c0.35_overdraft,W1,tune,0.9,0.35,overdraft,C_gate_prop,26,0,0,0.9628841089333385,9727.630000000001,216760.95,698016.3800000001,476001.49000000005,27720.80947435893,42975.229474358945,17344.64116666666,24995.533846153845,9.61001639803984,7875.680000000001,0,3,4,0,5.269230769230769
W1_s90_c0.35_overdraft,W1,tune,0.9,0.35,overdraft,OTB_marginal,26,0,0,0.9319602055187366,16337.94,212964.104,675825.4299999999,452020.4000000001,27127.89347435888,39178.383474358874,19115.623987179497,20951.06730769231,8.329186681905083,5062.215999999999,0,0,0,0,
W1_s70_c0.2_overdraft,W1,tune,0.7,0.2,overdraft,A,26,5,0,0.9679440018497888,8598.34,217595.12800000003,701483.2300000001,478722.16,27780.236641025585,42974.58664102559,12784.102179487196,25923.023076923077,9.917634067173212,8170.7919999999995,0,0,0,0,
W1_s70_c0.2_overdraft,W1,tune,0.7,0.2,overdraft,B,26,1,0,0.9309872646849503,17151.340000000004,211174.34399999998,675074.4899999999,451631.06000000006,26476.88264102556,36553.80264102558,16198.174179487189,19435.243846153848,7.725510529306927,6038.575999999999,0,0,0,0,
W1_s70_c0.2_overdraft,W1,tune,0.7,0.2,overdraft,C,26,1,0,0.9199005438258796,19489.470000000005,209914.11000000002,665388.62,437942.64,23728.05864102552,35293.56864102553,12695.016179487153,19927.891538461536,8.05053256633653,4960.679999999999,0,7,19,17,15.961538461538462
W1_s70_c0.2_overdraft,W1,tune,0.7,0.2,overdraft,D,26,20,0,0.7965052205482702,25965.23,200992.238,643612.1799999999,432553.79,13370.416641025571,26371.696641025574,6912.036794871754,22736.777692307693,9.50819969479323,7406.7919999999995,0,0,0,0,
W1_s70_c0.2_overdraft,W1,tune,0.7,0.2,overdraft,C_gate_prop,26,1,0,0.940059037088865,15220.7,212638.56,680986.22,459200.14999999997,27223.698641025643,38018.01864102564,14149.412179487193,20899.66153846154,8.236004876639159,6505.0,0,6,18,31,14.73076923076923
W1_s70_c0.2_overdraft,W1,tune,0.7,0.2,overdraft,OTB_marginal,26,2,0,0.9319602055187366,16337.94,212964.104,675825.4299999999,452020.4000000001,26293.072641025534,38343.56264102554,14499.798179487181,20951.06730769231,8.329186681905083,5062.215999999999,0,0,0,0,
W1_s70_c0.75_overdraft,W1,tune,0.7,0.75,overdraft,A,26,0,0,0.9679440018497888,8598.34,217595.12800000003,701483.2300000001,478722.16,35493.98114102559,50688.33114102559,20497.846679487197,25923.023076923077,9.917634067173212,8170.7919999999995,0,0,0,0,
W1_s70_c0.75_overdraft,W1,tune,0.7,0.75,overdraft,B,26,0,0,0.9309872646849503,17151.340000000004,211174.34399999998,675074.4899999999,451631.06000000006,34190.62714102556,44267.54714102558,23911.91867948719,19435.243846153848,7.725510529306927,6038.575999999999,0,0,0,0,
W1_s70_c0.75_overdraft,W1,tune,0.7,0.75,overdraft,C,26,1,0,0.9466113731978824,12646.65,216113.386,687863.3600000001,470124.1,24736.579141025562,49206.589141025564,12132.168679487186,29696.069615384615,11.594409409503358,5604.223999999999,0,16,10,27,16.53846153846154
W1_s70_c0.75_overdraft,W1,tune,0.7,0.75,overdraft,D,26,3,0,0.7965052205482702,25965.23,200992.238,643612.1799999999,432553.79,21084.161141025586,34085.441141025585,14625.78129487177,22736.777692307693,9.50819969479323,7406.7919999999995,0,0,0,0,
W1_s70_c0.75_overdraft,W1,tune,0.7,0.75,overdraft,C_gate_prop,26,0,0,0.9669440348817306,8844.580000000002,217402.72,700710.3099999999,478133.01,35268.623141025586,50495.92314102559,20497.846679487197,25789.476923076927,9.877477592519028,8116.959999999999,0,0,1,0,1.5769230769230769
W1_s70_c0.75_overdraft,W1,tune,0.7,0.75,overdraft,OTB_marginal,26,0,0,0.9319602055187366,16337.94,212964.104,675825.4299999999,452020.4000000001,34006.81714102553,46057.30714102553,22213.542679487182,20951.06730769231,8.329186681905083,5062.215999999999,0,0,0,0,
W2_s50_c0.35_overdraft,W2,tune,0.5,0.35,overdraft,A,26,14,0,0.9703257618045715,6744.820000000001,204397.682,644660.82,445146.37,13310.321857371851,31443.471857371856,5202.977415064168,23226.84923076923,9.745549494041544,6497.288,0,0,0,0,
W2_s50_c0.35_overdraft,W2,tune,0.5,0.35,overdraft,B,26,11,0,0.9306145963044069,15744.66,197493.434,617135.39,412579.75,14279.933857371769,24539.22385737178,6473.461415064085,16744.005384615382,7.338905384559771,4401.696,0,0,0,0,
W2_s50_c0.35_overdraft,W2,tune,0.5,0.35,overdraft,C,26,12,0,0.9197296291525326,17482.53,196277.78,609359.81,412762.43000000005,10628.679857371837,23323.569857371825,3209.401415064145,16960.833846153848,7.543627868399159,3879.48,0,1,25,0,16.076923076923077
W2_s50_c0.35_overdraft,W2,tune,0.5,0.35,overdraft,D,26,17,4,0.79000458013082,24289.149999999998,187703.05599999998,588365.52,396315.96,955.6158573717439,14748.84585737174,-4904.230584935947,19853.776153846153,9.147471254753745,5647.584000000001,0,0,0,0,
W2_s50_c0.35_overdraft,W2,tune,0.5,0.35,overdraft,C_gate_prop,26,11,0,0.9500980434253653,11596.570000000002,200736.372,629557.18,432868.91000000003,10176.46185737176,27782.161857371775,2848.3394150640815,19577.506923076922,8.413196722015964,5306.848,0,0,25,0,15.423076923076923
W2_s50_c0.35_overdraft,W2,tune,0.5,0.35,overdraft,OTB_marginal,26,10,0,0.9347045099975668,13904.82,199632.82600000003,621247.0700000001,415548.75,15630.175857371774,26678.61585737179,7018.62941506409,18016.181923076925,7.8535331311356025,4102.144,0,0,0,0,
W2_s70_c0.35_overdraft,W2,tune,0.7,0.35,overdraft,A,26,13,0,0.9703257618045715,6744.820000000001,204397.682,644660.82,445146.37,12114.552923397474,30247.702923397483,7783.320904166714,23226.84923076923,9.745549494041544,6497.288,0,0,0,0,
W2_s70_c0.35_overdraft,W2,tune,0.7,0.35,overdraft,B,26,10,0,0.9306145963044069,15744.66,197493.434,617135.39,412579.75,13084.16492339741,23343.45492339742,9053.804904166645,16744.005384615382,7.338905384559771,4401.696,0,0,0,0,
W2_s70_c0.35_overdraft,W2,tune,0.7,0.35,overdraft,C,26,8,0,0.9282064493967109,15441.73,198221.7,616156.3800000001,415983.77999999997,12149.250923397405,24071.720923397406,8008.11290416665,17574.135000000002,7.726605350026545,3976.36,0,8,18,13,15.923076923076923
W2_s70_c0.35_overdraft,W2,tune,0.7,0.35,overdraft,D,26,16,4,0.79000458013082,24289.149999999998,187703.05599999998,588365.52,396315.96,-240.15307660259714,13553.076923397402,-2323.887095833368,19853.776153846153,9.147471254753745,5647.584000000001,0,0,0,0,
W2_s70_c0.35_overdraft,W2,tune,0.7,0.35,overdraft,C_gate_prop,26,12,0,0.9555405270013024,10440.88,201710.80599999998,633192.9000000001,435657.36,9895.26692339738,27560.826923397388,6330.6649041666205,20007.683461538465,8.548004139682817,5488.104,0,6,19,12,15.423076923076923
W2_s70_c0.35_overdraft,W2,tune,0.7,0.35,overdraft,OTB_marginal,26,10,0,0.9347045099975668,13904.82,199632.82600000003,621247.0700000001,415548.75,14434.40692339743,25482.84692339744,9598.972904166672,18016.181923076925,7.8535331311356025,4102.144,0,0,0,0,
W2_s90_c0.35_overdraft,W2,tune,0.9,0.35,overdraft,A,26,13,0,0.9703257618045715,6744.820000000001,204397.682,644660.82,445146.37,10918.783989423158,29051.933989423167,10363.664393269308,23226.84923076923,9.745549494041544,6497.288,0,0,0,0,
W2_s90_c0.35_overdraft,W2,tune,0.9,0.35,overdraft,B,26,8,0,0.9306145963044069,15744.66,197493.434,617135.39,412579.75,11888.395989423076,22147.685989423084,11634.148393269228,16744.005384615382,7.338905384559771,4401.696,0,0,0,0,
W2_s90_c0.35_overdraft,W2,tune,0.9,0.35,overdraft,C,26,8,0,0.936865759228248,13475.1,199966.802,622705.9099999999,421897.92999999993,12640.193989423104,24621.053989423104,12085.002393269264,19001.99,8.262895062044308,4197.888,0,8,18,19,15.923076923076923
W2_s90_c0.35_overdraft,W2,tune,0.9,0.35,overdraft,D,26,16,1,0.79000458013082,24289.149999999998,187703.05599999998,588365.52,396315.96,-1435.9220105769455,12357.30798942305,-1435.9220105769455,19853.776153846153,9.147471254753745,5647.584000000001,0,0,0,0,
W2_s90_c0.35_overdraft,W2,tune,0.9,0.35,overdraft,C_gate_prop,26,10,0,0.9583243877653256,9574.779999999999,202414.83399999997,636012.63,437692.1,10905.98598942309,27069.085989423096,10507.094393269253,20523.018846153846,8.728146285753382,5650.1759999999995,0,3,19,16,13.576923076923077
W2_s90_c0.35_overdraft,W2,tune,0.9,0.35,overdraft,OTB_marginal,26,9,0,0.9347045099975668,13904.82,199632.82600000003,621247.0700000001,415548.75,13238.637989423063,24287.077989423073,12179.316393269226,18016.181923076925,7.8535331311356025,4102.144,0,0,0,0,
W2_s70_c0.2_overdraft,W2,tune,0.7,0.2,overdraft,A,26,17,0,0.9703257618045715,6744.820000000001,204397.682,644660.82,445146.37,10132.093901282096,28265.243901282105,5800.861882051337,23226.84923076923,9.745549494041544,6497.288,0,0,0,0,
W2_s70_c0.2_overdraft,W2,tune,0.7,0.2,overdraft,B,26,12,0,0.9306145963044069,15744.66,197493.434,617135.39,412579.75,11101.705901282032,21360.995901282044,7071.345882051268,16744.005384615382,7.338905384559771,4401.696,0,0,0,0,
W2_s70_c0.2_overdraft,W2,tune,0.7,0.2,overdraft,C,26,12,0,0.9219087695192294,16946.9,196819.03399999999,611071.2299999999,412397.39,8771.825901282049,20686.595901282042,4854.017882051277,17058.20576923077,7.565198129121534,3873.8559999999993,0,1,25,0,16.076923076923077
W2_s70_c0.2_overdraft,W2,tune,0.7,0.2,overdraft,D,26,17,5,0.79000458013082,24289.149999999998,187703.05599999998,588365.52,396315.96,-2222.6120987179747,11570.617901282025,-4306.346117948746,19853.776153846153,9.147471254753745,5647.584000000001,0,0,0,0,
W2_s70_c0.2_overdraft,W2,tune,0.7,0.2,overdraft,C_gate_prop,26,12,0,0.9565567435269869,10087.6,202044.45400000003,634257.5200000001,436346.05,8205.645901281976,25912.015901281986,4660.669882051221,20130.379615384616,8.58608700763124,5507.736,0,0,25,0,15.423076923076923
W2_s70_c0.2_overdraft,W2,tune,0.7,0.2,overdraft,OTB_marginal,26,12,0,0.9347045099975668,13904.82,199632.82600000003,621247.0700000001,415548.75,12451.947901282052,23500.38790128206,7616.513882051295,18016.181923076925,7.8535331311356025,4102.144,0,0,0,0,
W2_s70_c0.75_overdraft,W2,tune,0.7,0.75,overdraft,A,26,3,0,0.9703257618045715,6744.820000000001,204397.682,644660.82,445146.37,17401.110315705177,35534.26031570518,13069.878296474417,23226.84923076923,9.745549494041544,6497.288,0,0,0,0,
W2_s70_c0.75_overdraft,W2,tune,0.7,0.75,overdraft,B,26,1,0,0.9306145963044069,15744.66,197493.434,617135.39,412579.75,18370.722315705098,28630.01231570511,14340.362296474334,16744.005384615382,7.338905384559771,4401.696,0,0,0,0,
W2_s70_c0.75_overdraft,W2,tune,0.7,0.75,overdraft,C,26,1,0,0.9364220590550617,13361.06,200035.026,623221.9199999999,418909.85000000003,21803.28431570514,31171.604315705135,16527.597681089785,20662.21076923077,8.97621073635306,4243.704000000001,0,11,15,5,16.615384615384617
W2_s70_c0.75_overdraft,W2,tune,0.7,0.75,overdraft,D,26,13,0,0.79000458013082,24289.149999999998,187703.05599999998,588365.52,396315.96,5046.404315705084,18839.634315705076,2962.6702964743126,19853.776153846153,9.147471254753745,5647.584000000001,0,0,0,0,
W2_s70_c0.75_overdraft,W2,tune,0.7,0.75,overdraft,C_gate_prop,26,0,0,0.9563849886212374,9705.720000000001,202265.81400000004,635809.55,437409.81000000006,19308.092315705144,33402.39231570513,17295.19629647438,20703.524615384616,8.806397319145281,5668.255999999999,0,2,12,9,9.0
W2_s70_c0.75_overdraft,W2,tune,0.7,0.75,overdraft,OTB_marginal,26,1,0,0.9347045099975668,13904.82,199632.82600000003,621247.0700000001,415548.75,19720.964315705118,30769.404315705127,14885.53029647436,18016.181923076925,7.8535331311356025,4102.144,0,0,0,0,
W3_s50_c0.35_overdraft,W3,holdout,0.5,0.35,overdraft,A,26,22,0,0.9694196695272033,5148.1900000000005,198645.21600000001,624509.31,425745.5,2371.353431089683,24350.91343108969,610.7211939101908,26369.67,11.450284554824993,6723.424,0,0,0,0,
W3_s50_c0.35_overdraft,W3,holdout,0.5,0.35,overdraft,B,26,15,0,0.9102515444788833,17966.120000000003,188717.518,585280.18,385419.01,1129.8754310896875,14423.215431089691,301.8011939101889,17865.07923076923,8.279094563491759,3833.1919999999996,0,0,0,0,
W3_s50_c0.35_overdraft,W3,holdout,0.5,0.35,overdraft,C,26,17,0,0.9314420056086196,12642.27,193702.312,599968.24,399941.89,3152.5194310896586,19408.00943108966,1483.123193910178,20267.11,9.173519016762462,4172.2480000000005,0,1,25,3,15.961538461538462
W3_s50_c0.35_overdraft,W3,holdout,0.5,0.35,overdraft,D,26,23,12,0.7194425116494824,31741.670000000002,173099.95200000002,539890.4500000001,357878.32,-18393.130568910317,-1194.350568910315,-19314.038806089804,22015.75576923077,11.095812503535923,5675.208,0,0,0,0,
W3_s50_c0.35_overdraft,W3,holdout,0.5,0.35,overdraft,C_gate_prop,26,19,0,0.9635088311158904,6361.16,197833.094,620845.4499999998,422517.36000000004,1765.8314310897003,23538.791431089707,71.84919391021322,24880.369999999995,10.867142793854937,6322.576,0,2,24,6,15.923076923076923
W3_s50_c0.35_overdraft,W3,holdout,0.5,0.35,overdraft,OTB_marginal,26,15,0,0.9178140440396118,15136.250000000004,191533.06800000003,591764.8799999999,390132.63999999996,2779.375431089742,17238.76543108974,1380.4311939102517,18975.30653846154,8.712519113395762,3847.5119999999997,0,0,0,0,
W3_s70_c0.35_overdraft,W3,holdout,0.7,0.35,overdraft,A,26,22,0,0.9694196695272033,5148.1900000000005,198645.21600000001,624509.31,425745.5,1223.4640830127828,23203.024083012788,671.1364227563681,26369.67,11.450284554824993,6723.424,0,0,0,0,
W3_s70_c0.35_overdraft,W3,holdout,0.7,0.35,overdraft,B,26,14,1,0.9102515444788833,17966.120000000003,188717.518,585280.18,385419.01,-18.013916987230914,13275.326083012773,-18.013916987230914,17865.07923076923,8.279094563491759,3833.1919999999996,0,0,0,0,
W3_s70_c0.35_overdraft,W3,holdout,0.7,0.35,overdraft,C,26,14,0,0.93596825999255,11845.569999999998,194428.46,602566.9,400856.74,3630.4580830127525,18986.268083012754,2949.1284227563337,20874.298076923078,9.406197724738993,4242.799999999999,0,2,24,6,15.923076923076923
W3_s70_c0.35_overdraft,W3,holdout,0.7,0.35,overdraft,D,26,22,12,0.7194425116494824,31741.670000000002,173099.95200000002,539890.4500000001,357878.32,-19541.019916987232,-2342.2399169872297,-19541.019916987232,22015.75576923077,11.095812503535923,5675.208,0,0,0,0,
W3_s70_c0.35_overdraft,W3,holdout,0.7,0.35,overdraft,C_gate_prop,26,18,0,0.9636669688855153,6383.75,197776.63200000004,620788.21,422549.52,627.37008301276,22334.440083012763,56.962422756343585,24890.05576923077,10.872277391616421,6356.447999999999,0,0,25,0,15.423076923076923
W3_s70_c0.35_overdraft,W3,holdout,0.7,0.35,overdraft,OTB_marginal,26,14,0,0.9178140440396118,15136.250000000004,191533.06800000003,591764.8799999999,390132.63999999996,1631.4860830128491,16090.876083012852,1440.8464227564327,18975.30653846154,8.712519113395762,3847.5119999999997,0,0,0,0,
W3_s90_c0.35_overdraft,W3,holdout,0.9,0.35,overdraft,A,26,20,0,0.9694196695272033,5148.1900000000005,198645.21600000001,624509.31,425745.5,75.57473493587531,22055.134734935884,75.57473493587531,26369.67,11.450284554824993,6723.424,0,0,0,0,
W3_s90_c0.35_overdraft,W3,holdout,0.9,0.35,overdraft,B,26,13,1,0.9102515444788833,17966.120000000003,188717.518,585280.18,385419.01,-1165.9032650641275,12127.436734935876,-1165.9032650641275,17865.07923076923,8.279094563491759,3833.1919999999996,0,0,0,0,
W3_s90_c0.35_overdraft,W3,holdout,0.9,0.35,overdraft,C,26,13,0,0.9362388512872415,11708.220000000001,194521.24200000003,603018.2499999999,402371.3900000001,1788.3307349358365,17931.160734935846,1788.3307349358365,21257.805384615385,9.571569297555596,4287.368,0,2,24,1,16.03846153846154
W3_s90_c0.35_overdraft,W3,holdout,0.9,0.35,overdraft,D,26,22,12,0.7194425116494824,31741.670000000002,173099.95200000002,539890.4500000001,357878.32,-20688.909265064154,-3490.1292650641517,-20688.909265064154,22015.75576923077,11.095812503535923,5675.208,0,0,0,0,
W3_s90_c0.35_overdraft,W3,holdout,0.9,0.35,overdraft,C_gate_prop,26,18,1,0.9641905806116066,6231.86,197993.84200000003,621240.59,422950.69000000006,-501.159265064136,21403.760734935877,-501.159265064136,24998.778076923078,10.91189899299115,6291.128000000001,0,0,24,0,14.846153846153847
W3_s90_c0.35_overdraft,W3,holdout,0.9,0.35,overdraft,OTB_marginal,26,13,0,0.9178140440396118,15136.250000000004,191533.06800000003,591764.8799999999,390132.63999999996,483.59673493590526,14942.986734935905,483.59673493590526,18975.30653846154,8.712519113395762,3847.5119999999997,0,0,0,0,
W3_s70_c0.2_overdraft,W3,holdout,0.7,0.2,overdraft,A,26,23,2,0.9694196695272033,5148.1900000000005,198645.21600000001,624509.31,425745.5,-679.6156256410541,21299.94437435895,-1231.9432858974687,26369.67,11.450284554824993,6723.424,0,0,0,0,
W3_s70_c0.2_overdraft,W3,holdout,0.7,0.2,overdraft,B,26,16,2,0.9102515444788833,17966.120000000003,188717.518,585280.18,385419.01,-1921.0936256410605,11372.246374358943,-1921.0936256410605,17865.07923076923,8.279094563491759,3833.1919999999996,0,0,0,0,
W3_s70_c0.2_overdraft,W3,holdout,0.7,0.2,overdraft,C,26,18,0,0.9372474188401825,11570.67,194624.88,603465.0599999999,403325.76,845.9283743588712,17279.608374358868,478.47471410246,20954.71076923077,9.427884234828088,4321.280000000001,0,2,24,5,15.923076923076923
W3_s70_c0.2_overdraft,W3,holdout,0.7,0.2,overdraft,D,26,24,12,0.7194425116494824,31741.670000000002,173099.95200000002,539890.4500000001,357878.32,-21444.099625641073,-4245.31962564107,-21444.099625641073,22015.75576923077,11.095812503535923,5675.208,0,0,0,0,
W3_s70_c0.2_overdraft,W3,holdout,0.7,0.2,overdraft,C_gate_prop,26,20,2,0.9617376880960915,6758.52,197373.34999999998,619507.3600000001,421447.32,-1456.7516256410745,20028.07837435893,-2001.4972858974943,24836.871923076924,10.87269036453601,6384.96,0,1,25,1,15.961538461538462
W3_s70_c0.2_overdraft,W3,holdout,0.7,0.2,overdraft,OTB_marginal,26,16,2,0.9178140440396118,15136.250000000004,191533.06800000003,591764.8799999999,390132.63999999996,-271.59362564099865,14187.796374359,-462.23328589741504,18975.30653846154,8.712519113395762,3847.5119999999997,0,0,0,0,
W3_s70_c0.75_overdraft,W3,holdout,0.7,0.75,overdraft,A,26,11,0,0.9694196695272033,5148.1900000000005,198645.21600000001,624509.31,425745.5,6298.3433060897005,28277.903306089705,5746.015645833286,26369.67,11.450284554824993,6723.424,0,0,0,0,
W3_s70_c0.75_overdraft,W3,holdout,0.7,0.75,overdraft,B,26,11,0,0.9102515444788833,17966.120000000003,188717.518,585280.18,385419.01,5056.865306089694,18350.205306089698,5056.865306089694,17865.07923076923,8.279094563491759,3833.1919999999996,0,0,0,0,
W3_s70_c0.75_overdraft,W3,holdout,0.7,0.75,overdraft,C,26,11,0,0.9382243588391985,11438.65,194716.99599999998,603782.5299999999,404138.92000000004,7221.6433060896925,24349.683306089693,7221.6433060896925,23255.290384615382,10.45816001236458,4361.184,0,4,22,13,15.961538461538462
W3_s70_c0.75_overdraft,W3,holdout,0.7,0.75,overdraft,D,26,20,10,0.7194425116494824,31741.670000000002,173099.95200000002,539890.4500000001,357878.32,-14466.140693910296,2732.639306089706,-14466.140693910296,22015.75576923077,11.095812503535923,5675.208,0,0,0,0,
W3_s70_c0.75_overdraft,W3,holdout,0.7,0.75,overdraft,C_gate_prop,26,9,0,0.9616076637077333,6778.370000000001,197653.932,619596.3699999999,421124.24000000005,7926.7693060897145,27286.619306089728,7926.7693060897145,24534.96961538462,10.737716808128049,6084.527999999999,0,2,17,11,11.884615384615385
W3_s70_c0.75_overdraft,W3,holdout,0.7,0.75,overdraft,OTB_marginal,26,9,0,0.9178140440396118,15136.250000000004,191533.06800000003,591764.8799999999,390132.63999999996,6706.365306089774,21165.755306089777,6515.725645833358,18975.30653846154,8.712519113395762,3847.5119999999997,0,0,0,0,
W4_s50_c0.35_overdraft,W4,holdout,0.5,0.35,overdraft,A,26,11,0,0.9683419640335185,5882.360000000001,195588.694,604712.43,412678.02,26889.033540064094,35165.963540064105,8081.993366987153,18462.901923076923,8.32596477921073,5537.0960000000005,0,0,0,0,
W4_s50_c0.35_overdraft,W4,holdout,0.5,0.35,overdraft,B,26,7,0,0.934318802372658,13007.27,190360.80800000002,583254.9,391555.46,25741.947540064106,29938.07754006412,9596.8613669872,13259.131153846152,6.199452660758647,3640.072,0,0,0,0,
W4_s50_c0.35_overdraft,W4,holdout,0.5,0.35,overdraft,C,26,7,0,0.9205611524338575,15262.75,188485.904,574144.18,378665.1499999999,24504.953540064158,28063.173540064163,10403.771366987188,13357.978076923075,6.357635372163059,3259.496,0,2,24,4,16.03846153846154
W4_s50_c0.35_overdraft,W4,holdout,0.5,0.35,overdraft,D,26,21,0,0.8051972507296865,20180.99,181893.256,557126.5900000001,375984.43999999994,14879.735540064099,21470.525540064104,1181.8529823717763,16302.808461538461,8.012734829216454,4933.903999999999,0,0,0,0,
W4_s50_c0.35_overdraft,W4,holdout,0.5,0.35,overdraft,C_gate_prop,26,8,0,0.9481706054043876,10133.890000000001,192487.80399999997,591974.9400000001,391741.48,28384.313540064104,32065.073540064124,10184.761366987208,15261.554615384615,7.030114298968049,4386.456,0,0,24,0,14.846153846153847
W4_s50_c0.35_overdraft,W4,holdout,0.5,0.35,overdraft,OTB_marginal,26,8,0,0.9364805573863101,11959.310000000001,191515.712,584686.39,393686.73,24369.45154006412,31092.981540064116,9595.141366987184,14621.463846153845,6.82969703510352,3533.1280000000006,0,0,0,0,
W4_s70_c0.35_overdraft,W4,holdout,0.7,0.35,overdraft,A,26,7,0,0.9683419640335185,5882.360000000001,195588.694,604712.43,412678.02,25819.62003814104,34096.55003814106,10389.675134294885,18462.901923076923,8.32596477921073,5537.0960000000005,0,0,0,0,
W4_s70_c0.35_overdraft,W4,holdout,0.7,0.35,overdraft,B,26,6,0,0.934318802372658,13007.27,190360.80800000002,583254.9,391555.46,24672.534038141024,28868.66403814104,11904.543134294872,13259.131153846152,6.199452660758647,3640.072,0,0,0,0,
W4_s70_c0.35_overdraft,W4,holdout,0.7,0.35,overdraft,C,26,6,0,0.9228434234064589,14872.670000000002,188877.944,575267.61,378872.32999999996,23991.84003814108,27385.800038141093,13341.839134294903,13881.635769230768,6.594220406416971,3257.536,0,2,24,4,16.03846153846154
W4_s70_c0.35_overdraft,W4,holdout,0.7,0.35,overdraft,D,26,20,0,0.8051972507296865,20180.99,181893.256,557126.5900000001,375984.43999999994,13810.322038141017,20401.112038141022,3068.0075830128153,16302.808461538461,8.012734829216454,4933.903999999999,0,0,0,0,
W4_s70_c0.35_overdraft,W4,holdout,0.7,0.35,overdraft,C_gate_prop,26,5,0,0.9473458243103285,10265.26,192406.402,591453.0900000001,393230.45,26932.008038140997,30914.258038141008,12355.315134294862,15144.386153846155,6.9830429515122745,4336.488,0,2,22,10,14.76923076923077
W4_s70_c0.35_overdraft,W4,holdout,0.7,0.35,overdraft,OTB_marginal,26,7,0,0.9364805573863101,11959.310000000001,191515.712,584686.39,393686.73,23300.03803814101,30023.568038141013,11902.823134294871,14621.463846153845,6.82969703510352,3533.1280000000006,0,0,0,0,
W4_s90_c0.35_overdraft,W4,holdout,0.9,0.35,overdraft,A,26,4,0,0.9683419640335185,5882.360000000001,195588.694,604712.43,412678.02,24750.20653621793,33027.13653621794,12140.748504166626,18462.901923076923,8.32596477921073,5537.0960000000005,0,0,0,0,
W4_s90_c0.35_overdraft,W4,holdout,0.9,0.35,overdraft,B,26,3,0,0.934318802372658,13007.27,190360.80800000002,583254.9,391555.46,23603.120536217943,27799.250536217958,14212.224901602574,13259.131153846152,6.199452660758647,3640.072,0,0,0,0,
W4_s90_c0.35_overdraft,W4,holdout,0.9,0.35,overdraft,C,26,5,0,0.921171264476038,15091.810000000001,188618.404,574562.72,379608.06,22601.776536217934,26056.84653621794,13746.538504166645,14483.905769230769,6.889052106020185,3297.9359999999997,0,2,24,2,16.03846153846154
W4_s90_c0.35_overdraft,W4,holdout,0.9,0.35,overdraft,D,26,20,0,0.8051972507296865,20180.99,181893.256,557126.5900000001,375984.43999999994,12740.90853621795,19331.698536217955,3124.2925041666567,16302.808461538461,8.012734829216454,4933.903999999999,0,0,0,0,
W4_s90_c0.35_overdraft,W4,holdout,0.9,0.35,overdraft,C_gate_prop,26,3,0,0.9465850673194615,10441.91,192257.84,590911.0399999999,397406.20000000007,25986.542536217923,29696.28253621795,13864.020504166656,15019.410384615387,6.931833994007277,4308.400000000001,0,1,22,4,14.23076923076923
W4_s90_c0.35_overdraft,W4,holdout,0.9,0.35,overdraft,OTB_marginal,26,4,0,0.9364805573863101,11959.310000000001,191515.712,584686.39,393686.73,22230.624536217943,28954.15453621794,13352.049702884608,14621.463846153845,6.82969703510352,3533.1280000000006,0,0,0,0,
W4_s70_c0.2_overdraft,W4,holdout,0.7,0.2,overdraft,A,26,15,0,0.9683419640335185,5882.360000000001,195588.694,604712.43,412678.02,24046.6450217949,32323.575021794917,8616.700117948727,18462.901923076923,8.32596477921073,5537.0960000000005,0,0,0,0,
W4_s70_c0.2_overdraft,W4,holdout,0.7,0.2,overdraft,B,26,8,0,0.934318802372658,13007.27,190360.80800000002,583254.9,391555.46,22899.55902179488,27095.689021794897,10131.56811794873,13259.131153846152,6.199452660758647,3640.072,0,0,0,0,
W4_s70_c0.2_overdraft,W4,holdout,0.7,0.2,overdraft,C,26,9,0,0.9231710761698522,14794.310000000001,188923.0,575524.81,381458.2,22086.331021794842,25657.88102179486,10631.2501179487,13524.828076923075,6.421727794537163,3290.84,0,2,24,4,16.03846153846154
W4_s70_c0.2_overdraft,W4,holdout,0.7,0.2,overdraft,D,26,20,0,0.8051972507296865,20180.99,181893.256,557126.5900000001,375984.43999999994,12037.347021794874,18628.13702179488,1295.032566666665,16302.808461538461,8.012734829216454,4933.903999999999,0,0,0,0,
W4_s70_c0.2_overdraft,W4,holdout,0.7,0.2,overdraft,C_gate_prop,26,8,0,0.9515525845024009,9425.400000000001,193029.46200000003,594111.3400000001,395386.62000000005,25352.91302179487,29764.3430217949,9883.592117948698,15673.038076923074,7.193662706641152,4553.288,0,0,24,0,14.846153846153847
W4_s70_c0.2_overdraft,W4,holdout,0.7,0.2,overdraft,OTB_marginal,26,8,0,0.9364805573863101,11959.310000000001,191515.712,584686.39,393686.73,21527.063021794867,28250.59302179487,10129.848117948728,14621.463846153845,6.82969703510352,3533.1280000000006,0,0,0,0,
W4_s70_c0.75_overdraft,W4,holdout,0.7,0.75,overdraft,A,26,1,0,0.9683419640335185,5882.360000000001,195588.694,604712.43,412678.02,30547.553415064114,38824.48341506413,15117.608511217957,18462.901923076923,8.32596477921073,5537.0960000000005,0,0,0,0,
W4_s70_c0.75_overdraft,W4,holdout,0.7,0.75,overdraft,B,26,0,0,0.934318802372658,13007.27,190360.80800000002,583254.9,391555.46,29400.46741506411,33596.59741506412,16632.47651121796,13259.131153846152,6.199452660758647,3640.072,0,0,0,0,
W4_s70_c0.75_overdraft,W4,holdout,0.7,0.75,overdraft,C,26,1,0,0.9073608888051973,17552.49,186389.58800000002,566424.4,375002.95,27624.207415064106,29625.37741506412,14809.647665064127,14418.203846153845,6.961089399614408,3066.0720000000006,0,4,22,10,15.961538461538462
W4_s70_c0.75_overdraft,W4,holdout,0.7,0.75,overdraft,D,26,12,0,0.8051972507296865,20180.99,181893.256,557126.5900000001,375984.43999999994,18538.255415064104,25129.04541506411,7795.940959935902,16302.808461538461,8.012734829216454,4933.903999999999,0,0,0,0,
W4_s70_c0.75_overdraft,W4,holdout,0.7,0.75,overdraft,C_gate_prop,26,0,0,0.9429620563035496,11075.36,191626.71000000002,589392.78,397933.04999999993,30082.62941506408,34862.49941506407,19248.45451121794,14885.362692307692,6.885416761180725,4306.080000000001,0,8,12,18,12.576923076923077
W4_s70_c0.75_overdraft,W4,holdout,0.7,0.75,overdraft,OTB_marginal,26,0,0,0.9364805573863101,11959.310000000001,191515.712,584686.39,393686.73,28027.971415064098,34751.5014150641,16630.756511217958,14621.463846153845,6.82969703510352,3533.1280000000006,0,0,0,0,
W1_s50_c0.35_cut_proportional,W1,tune,0.5,0.35,cut_proportional,A,26,4,0,0.9583106864337815,10872.910000000002,215928.91799999998,694519.15,473260.02,30158.122807692285,44681.05280769229,12149.638346153872,23925.088461538464,9.244393006102824,7562.432,10,0,0,0,
W1_s50_c0.35_cut_proportional,W1,tune,0.5,0.35,cut_proportional,B,26,1,0,0.9287050577908837,17667.57,210762.07400000002,673561.2,450592.63999999996,29923.098807692313,39514.20880769231,15563.710346153865,19138.87769230769,7.624308003263374,5934.616,3,0,0,0,
W1_s50_c0.35_cut_proportional,W1,tune,0.5,0.35,cut_proportional,C,26,2,0,0.8878625630985163,26996.49,203113.11400000003,641308.3,417736.64,27591.60880769221,31865.248807692216,12408.836346153832,16726.759230769232,7.015408724324507,4254.656,7,6,20,16,15.884615384615385
W1_s50_c0.35_cut_proportional,W1,tune,0.5,0.35,cut_proportional,D,26,10,0,0.7826348078591998,29993.520000000004,198238.444,631525.7700000001,421209.77999999997,23478.53880769218,26990.57880769221,8218.634807692244,19414.46769230769,8.272015712890001,6132.295999999999,17,0,0,0,
W1_s50_c0.35_cut_proportional,W1,tune,0.5,0.35,cut_proportional,C_gate_prop,26,1,0,0.9209455543510575,19631.09,209034.282,667452.5900000001,439729.98,30600.48680769222,37786.41680769223,13514.560346153863,18565.496923076924,7.463608342668402,5698.888,7,6,18,24,14.615384615384615
W1_s50_c0.35_cut_proportional,W1,tune,0.5,0.35,cut_proportional,OTB_marginal,26,2,0,0.9277231082456736,17292.980000000003,212149.14399999997,672835.5700000001,449754.51999999996,29339.528807692317,40901.278807692324,13865.334346153853,20515.51846153846,8.192446055832939,4922.136,5,0,0,0,
W1_s70_c0.35_cut_proportional,W1,tune,0.7,0.35,cut_proportional,A,26,2,0,0.9641002849755714,9521.55,216987.13400000002,698702.91,476518.81999999995,29252.461141025597,44470.34114102561,14887.850679487197,24896.371538461535,9.562186526743538,7855.576,6,0,0,0,
W1_s70_c0.35_cut_proportional,W1,tune,0.7,0.35,cut_proportional,B,26,0,0,0.9309872646849503,17151.340000000004,211174.34399999998,675074.4899999999,451631.06000000006,28580.631141025562,38657.551141025564,18301.92267948719,19435.243846153848,7.725510529306927,6038.575999999999,0,0,0,0,
W1_s70_c0.35_cut_proportional,W1,tune,0.7,0.35,cut_proportional,C,26,1,0,0.9167384861160742,19917.03,209659.49400000004,664480.62,440384.63,28149.361141025583,37142.70114102558,14165.314679487168,20246.529615384618,8.187988873447814,4787.736,7,17,9,45,15.692307692307692
W1_s70_c0.35_cut_proportional,W1,tune,0.7,0.35,cut_proportional,D,26,6,0,0.7927305704616364,27419.9,200513.52000000002,639398.1499999999,429114.20999999996,21413.787141025572,27996.727141025593,11101.461294871737,20422.98384615385,8.595098819691234,6430.84,16,0,0,0,
W1_s70_c0.35_cut_proportional,W1,tune,0.7,0.35,cut_proportional,C_gate_prop,26,1,0,0.9480047205647861,13217.289999999999,214187.69800000003,687289.11,467415.79,29000.815141025618,41670.90514102563,15529.8606794872,22041.56961538462,8.60588504184582,6959.271999999999,9,9,5,30,9.076923076923077
W1_s70_c0.35_cut_proportional,W1,tune,0.7,0.35,cut_proportional,OTB_marginal,26,0,0,0.9312004708553171,16523.98,212822.448,675220.74,451545.24,28279.24514102553,40305.655141025534,16603.546679487183,20783.854615384615,8.27027359236116,5017.832000000001,2,0,0,0,
W1_s90_c0.35_cut_proportional,W1,tune,0.9,0.35,cut_proportional,A,26,0,0,0.9667338316151719,8906.750000000002,217430.318,700562.35,477917.76,28500.627474358953,43644.59747435897,17626.06301282053,25448.34038461539,9.748580860594895,8027.192,2,0,0,0,
W1_s90_c0.35_cut_proportional,W1,tune,0.9,0.35,cut_proportional,B,26,0,0,0.9309872646849503,17151.340000000004,211174.34399999998,675074.4899999999,451631.06000000006,27311.703474358892,37388.62347435891,19115.623987179497,19435.243846153848,7.725510529306927,6038.575999999999,0,0,0,0,
W1_s90_c0.35_cut_proportional,W1,tune,0.9,0.35,cut_proportional,C,26,3,0,0.9267801964499671,17423.130000000005,211941.794,672407.9800000001,452133.76999999996,24551.74347435894,38156.07347435894,15313.973576923076,23034.84846153846,9.204495167979841,4999.335999999999,6,16,10,29,15.961538461538462
W1_s90_c0.35_cut_proportional,W1,tune,0.9,0.35,cut_proportional,D,26,5,0,0.7937575635639663,26901.13,200742.594,640958.9,430097.78,18813.433474358953,26956.873474358967,13289.4836282051,21003.384615384617,8.818116033750456,6720.536,15,0,0,0,
W1_s90_c0.35_cut_proportional,W1,tune,0.9,0.35,cut_proportional,C_gate_prop,26,0,0,0.9601634780833066,10336.230000000001,216402.84600000002,696158.7900000002,474436.63999999996,27357.355474358963,42617.12547435897,17626.06301282053,24154.668461538462,9.3112968534395,7625.184,4,4,2,19,4.423076923076923
W1_s90_c0.35_cut_proportional,W1,tune,0.9,0.35,cut_proportional,OTB_marginal,26,0,0,0.9319602055187366,16337.94,212964.104,675825.4299999999,452020.4000000001,27127.89347435888,39178.383474358874,19115.623987179497,20951.06730769231,8.329186681905083,5062.215999999999,0,0,0,0,
W1_s70_c0.2_cut_proportional,W1,tune,0.7,0.2,cut_proportional,A,26,2,0,0.9568332577602542,11251.06,215675.93600000002,693401.6399999999,472367.37000000005,26451.924641025587,41055.3946410256,14914.23417948716,23450.58923076923,9.07529693904447,7437.264,15,0,0,0,
W1_s70_c0.2_cut_proportional,W1,tune,0.7,0.2,cut_proportional,B,26,1,0,0.9300383470816279,17425.04,211001.06,674309.9800000001,451071.87000000005,26633.178641025654,36380.51864102566,16198.174179487189,19129.928076923075,7.612307594827442,5938.16,3,0,0,0,
W1_s70_c0.2_cut_proportional,W1,tune,0.7,0.2,cut_proportional,C,26,1,0,0.9024776959319663,23669.54,206233.256,652058.9600000001,425943.99,26282.314641025594,31612.714641025595,13338.28417948716,17619.543846153847,7.265556856169408,4461.464000000001,8,8,18,18,15.807692307692308
W1_s70_c0.2_cut_proportional,W1,tune,0.7,0.2,cut_proportional,D,26,11,0,0.7787430445240547,31100.83,197531.598,628166.2,413302.77999999997,19545.446641025526,22911.05664102553,10766.990794871701,18611.534615384615,7.971939792249412,5731.832,21,0,0,0,
W1_s70_c0.2_cut_proportional,W1,tune,0.7,0.2,cut_proportional,C_gate_prop,26,1,0,0.9384344661287465,15596.44,212508.092,679873.36,457573.75999999995,28334.37064102554,37887.550641025526,15324.54617948717,20193.816153846154,7.97057120588922,6259.728,5,8,16,38,14.653846153846153
W1_s70_c0.2_cut_proportional,W1,tune,0.7,0.2,cut_proportional,OTB_marginal,26,2,0,0.928828176847011,17072.120000000003,212336.796,673521.3799999999,450266.73000000004,26052.30464102564,37716.25464102564,14499.798179487181,20532.79076923077,8.190987320321689,4955.344,4,0,0,0,
W1_s70_c0.75_cut_proportional,W1,tune,0.7,0.75,cut_proportional,A,26,0,0,0.9674154907795839,8702.87,217516.518,701193.89,478495.9000000001,35365.29114102559,50609.7211410256,20497.846679487197,25826.120384615384,9.884400982056958,8144.872000000001,1,0,0,0,
W1_s70_c0.75_cut_proportional,W1,tune,0.7,0.75,cut_proportional,B,26,0,0,0.9309872646849503,17151.340000000004,211174.34399999998,675074.4899999999,451631.06000000006,34190.62714102556,44267.54714102558,23911.91867948719,19435.243846153848,7.725510529306927,6038.575999999999,0,0,0,0,
W1_s70_c0.75_cut_proportional,W1,tune,0.7,0.75,cut_proportional,C,26,2,0,0.9248823612433222,17958.89,211361.482,671000.1799999998,453833.61000000004,28103.805141025623,44454.68514102562,13848.544576923043,26160.775,10.473637061540584,5043.888,9,21,5,40,16.115384615384617
W1_s70_c0.75_cut_proportional,W1,tune,0.7,0.75,cut_proportional,D,26,3,0,0.7958445817105141,26109.81,200982.754,643188.8200000001,432042.73000000004,22363.877141025616,34075.95714102562,14625.78129487177,22400.992307692308,9.373783451512466,7271.696,2,0,0,0,
W1_s70_c0.75_cut_proportional,W1,tune,0.7,0.75,cut_proportional,C_gate_prop,26,0,0,0.9664815876953013,8937.05,217382.41000000003,700432.03,477859.69,35204.953141025646,50475.61314102566,20497.846679487197,25580.152307692308,9.801137849506453,8044.8,1,0,1,0,1.5769230769230769
W1_s70_c0.75_cut_proportional,W1,tune,0.7,0.75,cut_proportional,OTB_marginal,26,0,0,0.9319602055187366,16337.94,212964.104,675825.4299999999,452020.4000000001,34006.81714102553,46057.30714102553,22213.542679487182,20951.06730769231,8.329186681905083,5062.215999999999,0,0,0,0,
W2_s50_c0.35_cut_proportional,W2,tune,0.5,0.35,cut_proportional,A,26,11,0,0.9169672377517283,18553.610000000004,194064.93999999997,609046.88,398837.4,14191.629857371809,21110.729857371807,10501.7174150641,18944.285384615385,8.410220638222153,5021.239999999999,15,0,0,0,
W2_s50_c0.35_cut_proportional,W2,tune,0.5,0.35,cut_proportional,B,26,11,3,0.8008609214650694,44824.14,169297.762,530576.03,322925.73,-11337.638142628219,-3656.448142628218,-11337.638142628219,14274.213461538464,7.261583437495233,3517.8880000000004,12,0,0,0,
W2_s50_c0.35_cut_proportional,W2,tune,0.5,0.35,cut_proportional,C,26,11,4,0.7287667997767187,60223.600000000006,154625.046,481398.01999999996,286442.7,-24214.30414262819,-18329.16414262819,-24214.30414262819,12978.414230769235,7.290752663505855,2791.144,12,1,25,0,16.076923076923077
W2_s50_c0.35_cut_proportional,W2,tune,0.5,0.35,cut_proportional,D,26,15,7,0.5715860134255085,80505.3,133778.426,420740.91,246471.4,-44758.88414262826,-39175.78414262826,-44758.88414262826,13575.93,8.712141495245417,3356.064,17,0,0,0,
W2_s50_c0.35_cut_proportional,W2,tune,0.5,0.35,cut_proportional,C_gate_prop,26,11,3,0.8051583723360098,43944.8,170074.974,533163.25,324699.52,-10498.67614262821,-2879.2361426282096,-10498.67614262821,14777.510000000002,7.481903464856676,3620.016,13,0,25,0,15.423076923076923
W2_s50_c0.35_cut_proportional,W2,tune,0.5,0.35,cut_proportional,OTB_marginal,26,10,1,0.8417242761246368,34991.53,179306.332,558253.5300000001,342012.46,-797.318142628229,6352.121857371771,-797.318142628229,15586.854230769231,7.552629573062167,3341.9280000000003,12,0,0,0,
W2_s70_c0.35_cut_proportional,W2,tune,0.7,0.35,cut_proportional,A,26,8,0,0.9419217942662488,12897.400000000001,199356.10199999998,626062.02,418192.43000000005,17196.992923397484,25206.122923397503,11568.99028878209,19965.188846153847,8.62448391023224,5386.2880000000005,12,0,0,0,
W2_s70_c0.35_cut_proportional,W2,tune,0.7,0.35,cut_proportional,B,26,10,1,0.8413378275867004,35795.670000000006,178186.488,557429.91,342177.82,-3252.651076602612,4036.5089233973886,-3252.651076602612,14744.603461538461,7.144886471876371,3657.6319999999996,12,0,0,0,
W2_s70_c0.35_cut_proportional,W2,tune,0.7,0.35,cut_proportional,C,26,8,0,0.8834750311305767,25519.480000000003,188665.52599999998,585692.83,372308.37000000005,9044.476923397455,14515.546923397455,9044.476923397455,15800.44153846154,7.306608601637126,3454.7839999999997,9,7,19,13,15.961538461538462
W2_s70_c0.35_cut_proportional,W2,tune,0.7,0.35,cut_proportional,D,26,14,6,0.5966479167561224,73909.16000000002,140137.102,440737.06999999995,260432.18000000002,-39859.90707660263,-34012.87707660263,-39859.90707660263,14124.99153846154,8.65553103831688,3593.528,16,0,0,0,
W2_s70_c0.35_cut_proportional,W2,tune,0.7,0.35,cut_proportional,C_gate_prop,26,9,0,0.900299855439621,22637.78,190772.562,596543.56,384094.75,10471.912923397413,16622.582923397415,10471.912923397413,16490.67076923077,7.474449605526501,4229.448,12,6,19,12,15.423076923076923
W2_s70_c0.35_cut_proportional,W2,tune,0.7,0.35,cut_proportional,OTB_marginal,26,9,0,0.8895580173758713,24140.739999999998,189951.442,590470.44,377515.17,9763.772923397404,15801.462923397408,9763.772923397404,16322.359230769232,7.483333698179107,3547.6079999999997,11,0,0,0,
W2_s90_c0.35_cut_proportional,W2,tune,0.9,0.35,cut_proportional,A,26,4,0,0.9513468447192522,10763.88,201315.51799999998,632513.4700000001,424533.49,16734.73998942314,25969.769989423137,14811.527777884665,20386.88923076923,8.717308312734428,5560.392,13,0,0,0,
W2_s90_c0.35_cut_proportional,W2,tune,0.9,0.35,cut_proportional,B,26,8,0,0.8940451142885769,24029.51,189694.576,592361.7300000001,378620.0200000001,8156.227989423067,14348.82798942307,8156.227989423067,15563.536923076925,7.103582244026951,3915.7039999999997,8,0,0,0,
W2_s90_c0.35_cut_proportional,W2,tune,0.9,0.35,cut_proportional,C,26,6,0,0.919178582163253,17543.54,196219.034,610307.45,400436.07,14463.255989423105,20873.285989423115,13790.848393269262,17913.973846153847,7.947962512968932,3877.216,8,8,18,19,15.923076923076923
W2_s90_c0.35_cut_proportional,W2,tune,0.9,0.35,cut_proportional,D,26,16,5,0.6117480355532655,69953.3,143991.226,452685.86999999994,268717.60000000003,-37366.862010576995,-31354.522010576995,-37366.862010576995,14464.168461538462,8.631095118947457,3695.2639999999997,16,0,0,0,
W2_s90_c0.35_cut_proportional,W2,tune,0.9,0.35,cut_proportional,C_gate_prop,26,7,0,0.9389590221420699,13746.720000000001,198899.11000000002,623321.36,414447.29000000004,15440.751989423126,23553.361989423138,14389.573085576958,18635.509230769232,8.086394649249817,4993.96,9,3,19,16,13.576923076923077
W2_s90_c0.35_cut_proportional,W2,tune,0.9,0.35,cut_proportional,OTB_marginal,26,8,0,0.9108627821432149,19339.5,194574.54600000003,604846.5900000001,393876.18000000005,13131.327989423076,19228.797989423085,13131.327989423076,16883.87615384616,7.558463722336178,3725.744,8,0,0,0,
W2_s70_c0.2_cut_proportional,W2,tune,0.7,0.2,cut_proportional,A,26,11,0,0.9020030915883035,21930.309999999998,190908.184,599049.9600000001,383658.58999999997,8129.16590128204,14775.745901282044,8129.16590128204,18238.21,8.229658029861024,4801.295999999999,16,0,0,0,
W2_s70_c0.2_cut_proportional,W2,tune,0.7,0.2,cut_proportional,B,26,11,4,0.773659238266993,50961.049999999996,163295.46,512321.16000000003,310114.58,-19993.23809871796,-12836.97809871796,-19993.23809871796,13921.193846153845,7.33028451773946,3383.2800000000007,12,0,0,0,
W2_s70_c0.2_cut_proportional,W2,tune,0.7,0.2,cut_proportional,C,26,12,4,0.7315578169951479,59498.64,155351.758,483943.04,288299.51,-26704.76009871797,-20780.680098717967,-26704.76009871797,13145.333076923078,7.3432680823306455,2789.392,13,2,24,4,16.03846153846154
W2_s70_c0.2_cut_proportional,W2,tune,0.7,0.2,cut_proportional,D,26,16,8,0.5561853235433037,84447.08999999998,129956.164,408879.62,238172.07,-51528.954098717964,-46176.274098717964,-51528.954098717964,13113.101153846153,8.656864859602333,3236.536,17,0,0,0,
W2_s70_c0.2_cut_proportional,W2,tune,0.7,0.2,cut_proportional,C_gate_prop,26,11,3,0.780783488628394,49365.729999999996,164749.72400000002,517024.60000000003,313432.9,-18572.85409871797,-11382.71409871797,-18572.85409871797,14375.230384615385,7.5019007282397325,3524.336,15,1,24,4,15.384615384615385
W2_s70_c0.2_cut_proportional,W2,tune,0.7,0.2,cut_proportional,OTB_marginal,26,12,2,0.8150736399158401,40932.5,173492.81,540675.91,328714.37,-10048.668098717959,-2639.6280987179584,-10048.668098717959,15207.657692307692,7.604484419563423,3214.48,12,0,0,0,
W2_s70_c0.75_cut_proportional,W2,tune,0.7,0.75,cut_proportional,A,26,2,0,0.9658028826198348,7679.890000000001,203688.54,641753.31,442803.44,20368.088315705187,34825.11831570519,13945.06029647441,22492.309230769235,9.480460296973963,6271.36,5,0,0,0,
W2_s70_c0.75_cut_proportional,W2,tune,0.7,0.75,cut_proportional,B,26,1,0,0.9267286415618247,16537.24,196772.59000000003,614765.7100000001,410983.15,18844.79831570511,27909.168315705097,14340.362296474334,16619.92,7.312291092104987,4329.959999999999,2,0,0,0,
W2_s70_c0.75_cut_proportional,W2,tune,0.7,0.75,cut_proportional,C,26,0,0,0.9349442512201754,13720.170000000002,199730.68399999998,622122.08,417385.85000000003,21449.23231570515,30867.262315705142,17701.7942964744,20423.823461538464,8.888364429994027,4188.936,1,12,14,9,16.576923076923077
W2_s70_c0.75_cut_proportional,W2,tune,0.7,0.75,cut_proportional,D,26,12,2,0.7121781384630799,44080.86000000001,169148.266,529703.84,322833.74000000005,-7188.745684294888,284.8443157051129,-7188.745684294888,16610.285,8.488319740411285,4410.664,12,0,0,0,
W2_s70_c0.75_cut_proportional,W2,tune,0.7,0.75,cut_proportional,C_gate_prop,26,0,0,0.9525849113315299,10492.570000000002,201605.404,633364.0599999999,431991.77,21059.072315705147,32741.98231570515,17147.966296474377,20355.77230769231,8.692173120142321,5541.815999999999,2,2,12,9,9.0
W2_s70_c0.75_cut_proportional,W2,tune,0.7,0.75,cut_proportional,OTB_marginal,26,1,0,0.9320136831408247,14437.600000000002,199135.33400000003,619632.0800000001,414514.51,20027.232315705114,30271.912315705125,14885.53029647436,17915.867692307693,7.8301005722716015,4066.856,2,0,0,0,
W3_s50_c0.35_cut_proportional,W3,holdout,0.5,0.35,cut_proportional,A,26,18,8,0.6729675782430542,68855.83,138241.456,430273.33,251779.13,-41323.0165689103,-36052.8465689103,-41323.0165689103,17070.006923076922,10.764409337605223,3419.544,23,0,0,0,
W3_s50_c0.35_cut_proportional,W3,holdout,0.5,0.35,cut_proportional,B,26,14,8,0.5893372973200919,86379.90000000002,121629.874,376799.70999999996,214153.03000000003,-57398.65856891031,-52664.42856891031,-57398.65856891031,13962.814999999999,10.057802459072128,2507.056,16,0,0,0,
W3_s50_c0.35_cut_proportional,W3,holdout,0.5,0.35,cut_proportional,C,26,15,8,0.6297081128189991,77259.01999999999,130687.47400000002,402654.07999999996,230917.02000000002,-48292.45856891033,-43606.828568910336,-48292.45856891033,14313.196153846153,9.66977642266539,2570.3360000000002,18,1,25,3,15.961538461538462
W3_s50_c0.35_cut_proportional,W3,holdout,0.5,0.35,cut_proportional,D,26,22,12,0.37615001300243883,118551.26000000001,89622.32999999999,277247.01,146751.97,-89591.25256891033,-84671.97256891034,-89591.25256891033,13191.914230769235,12.958277904144099,2343.24,22,0,0,0,
W3_s50_c0.35_cut_proportional,W3,holdout,0.5,0.35,cut_proportional,C_gate_prop,26,16,8,0.6619119910599448,71297.66,136025.10600000003,423017.27,246438.09,-43294.40656891029,-38269.196568910294,-43294.40656891029,15979.87807692308,10.247911490598424,3194.064,19,2,24,6,15.923076923076923
W3_s50_c0.35_cut_proportional,W3,holdout,0.5,0.35,cut_proportional,OTB_marginal,26,15,8,0.64109754640465,74728.73000000001,133184.852,410477.95999999996,236329.7,-45873.03056891027,-41109.450568910266,-45873.03056891027,14579.536153846157,9.6598963645764,2603.248,16,0,0,0,
W3_s70_c0.35_cut_proportional,W3,holdout,0.7,0.35,cut_proportional,A,26,18,5,0.7213963916475145,58415.71000000001,148362.096,462203.54000000004,274049.92000000004,-32731.615916987208,-27080.095916987208,-32731.615916987208,17915.11346153846,10.514431490086404,3739.0240000000003,22,0,0,0,
W3_s70_c0.35_cut_proportional,W3,holdout,0.7,0.35,cut_proportional,B,26,14,8,0.6199246561382054,80140.42000000001,127762.51400000001,395834.62,227082.72000000003,-52414.617916987234,-47679.67791698723,-52414.617916987234,14185.683076923076,9.725803244133981,2613.896,15,0,0,0,
W3_s70_c0.35_cut_proportional,W3,holdout,0.7,0.35,cut_proportional,C,26,14,5,0.6995382377126953,62555.23,145012.26400000002,447731.85000000003,262205.14,-35555.947916987265,-30429.927916987264,-35555.947916987265,15957.692307692309,9.68841971476489,2949.3360000000002,14,2,24,6,15.923076923076923
W3_s70_c0.35_cut_proportional,W3,holdout,0.7,0.35,cut_proportional,D,26,22,12,0.3866222475242654,115696.57,92384.348,285969.5,152743.87,-87985.38391698725,-83057.84391698726,-87985.38391698725,13567.743846153844,12.918332189026751,2435.9120000000003,21,0,0,0,
W3_s70_c0.35_cut_proportional,W3,holdout,0.7,0.35,cut_proportional,C_gate_prop,26,14,6,0.6897899227584849,65208.05,141855.06000000003,441633.33999999997,259450.51,-38773.73191698723,-33587.13191698723,-38773.73191698723,16702.604615384615,10.258596317497274,3453.7200000000003,20,0,25,0,15.423076923076923
W3_s70_c0.35_cut_proportional,W3,holdout,0.7,0.35,cut_proportional,OTB_marginal,26,13,5,0.6909109438364925,64011.93,143725.668,443074.19,258700.59000000003,-36751.58391698719,-31716.523916987193,-36751.58391698719,15053.658076923077,9.238197825540198,2779.2319999999995,14,0,0,0,
W3_s90_c0.35_cut_proportional,W3,holdout,0.9,0.35,cut_proportional,A,26,16,3,0.7843984790660735,45184.799999999996,161392.094,502756.47,302272.19,-21498.617265064102,-15197.987265064101,-21498.617265064102,18501.55,9.97936634346937,3939.936,23,0,0,0,
W3_s90_c0.35_cut_proportional,W3,holdout,0.9,0.35,cut_proportional,B,26,13,7,0.6500200307841525,73817.18000000001,133999.906,415078.27999999997,240136.35000000003,-47351.01526506417,-42590.17526506417,-47351.01526506417,14390.082307692308,9.408031715652886,2699.744,13,0,0,0,
W3_s90_c0.35_cut_proportional,W3,holdout,0.9,0.35,cut_proportional,C,26,13,3,0.7884573484864459,43665.509999999995,163695.72,505903.58999999997,302993.39,-19268.78126506417,-12894.361265064172,-19268.78126506417,17350.195000000003,9.313417928156035,3155.6,14,2,24,4,16.03846153846154
W3_s90_c0.35_cut_proportional,W3,holdout,0.9,0.35,cut_proportional,D,26,22,13,0.3817059199752602,116862.09999999999,91157.714,282531.7099999999,150558.47,-90370.38726506411,-85432.36726506411,-90370.38726506411,13798.400769230771,13.296003250369637,2497.016,21,0,0,0,
W3_s90_c0.35_cut_proportional,W3,holdout,0.9,0.35,cut_proportional,C_gate_prop,26,15,4,0.7756798167007541,47131.17,159532.73200000002,497129.45999999996,298381.28,-23256.46926506411,-17057.349265064106,-23256.46926506411,18083.22884615385,9.8612997454934,3852.928,19,0,24,0,14.846153846153847
W3_s90_c0.35_cut_proportional,W3,holdout,0.9,0.35,cut_proportional,OTB_marginal,26,13,4,0.7550129672971092,50300.07000000001,157322.016,485096.35,287764.94999999995,-24912.79526506414,-19268.06526506414,-24912.79526506414,15470.967307692308,8.666952731625893,2894.744,13,0,0,0,
W3_s70_c0.2_cut_proportional,W3,holdout,0.7,0.2,cut_proportional,A,26,21,8,0.6314687133208229,77625.9,129777.498,403484.1,233295.19,-52755.80362564104,-47567.77362564104,-52755.80362564104,16289.262692307695,10.956099926690685,3113.4319999999993,24,0,0,0,
W3_s70_c0.2_cut_proportional,W3,holdout,0.7,0.2,cut_proportional,B,26,16,10,0.5766159922969335,89081.09000000001,118993.732,368432.62,208393.53,-63073.47962564109,-58351.53962564109,-63073.47962564109,13833.351153846153,10.193124342299384,2442.008,16,0,0,0,
W3_s70_c0.2_cut_proportional,W3,holdout,0.7,0.2,cut_proportional,C,26,17,8,0.6341640837497627,76413.6,131487.53399999999,405347.75,232946.97,-50668.36762564107,-45857.73762564107,-50668.36762564107,14803.171153846155,9.932650989594185,2615.696,17,2,24,5,15.923076923076923
W3_s70_c0.2_cut_proportional,W3,holdout,0.7,0.2,cut_proportional,D,26,23,14,0.3525664002923792,124523.82,83849.13,259367.56000000003,134582.71999999997,-98402.26162564108,-93496.14162564109,-98402.26162564108,12691.99923076923,13.32343103413967,2143.88,23,0,0,0,
W3_s70_c0.2_cut_proportional,W3,holdout,0.7,0.2,cut_proportional,C_gate_prop,26,17,9,0.599943070402935,84244.84000000003,123475.054,383338.86999999994,218882.08000000002,-58567.04762564105,-53870.217625641046,-58567.04762564105,14772.123846153847,10.4584711184887,2796.9359999999997,22,1,25,1,15.961538461538462
W3_s70_c0.2_cut_proportional,W3,holdout,0.7,0.2,cut_proportional,OTB_marginal,26,16,8,0.626278280304468,77827.08000000002,130156.126,400965.8,229798.06,-51921.92562564103,-47189.14562564103,-51921.92562564103,14429.310000000001,9.78892607073945,2533.6239999999993,16,0,0,0,
W3_s70_c0.75_cut_proportional,W3,holdout,0.7,0.75,cut_proportional,A,26,8,0,0.9459731095508185,10176.960000000001,194630.42200000002,609233.76,399291.81999999995,11793.53930608973,24263.109306089733,9305.657985576901,23736.282307692312,10.565096436143863,5709.448,14,0,0,0,
W3_s70_c0.75_cut_proportional,W3,holdout,0.7,0.75,cut_proportional,B,26,10,1,0.8468910114491746,31660.090000000004,175510.46,543986.31,332177.84,-3053.5626939103013,5143.147306089701,-3053.5626939103013,16338.054615384619,8.143755489318492,3346.28,9,0,0,0,
W3_s70_c0.75_cut_proportional,W3,holdout,0.7,0.75,cut_proportional,C,26,8,0,0.9130804534688398,16807.170000000002,189761.18000000002,587671.78,375961.27999999997,8718.457306089695,19393.867306089698,8154.1196458332815,22006.96153846154,10.166629725720837,3948.48,13,7,19,29,15.846153846153847
W3_s70_c0.75_cut_proportional,W3,holdout,0.7,0.75,cut_proportional,D,26,20,11,0.45130410947350663,99088.37999999999,108268.114,336164.44,187316.39,-67106.9786939103,-62099.19869391031,-67106.9786939103,15399.931153846157,12.471466942166233,3160.3360000000002,19,0,0,0,
W3_s70_c0.75_cut_proportional,W3,holdout,0.7,0.75,cut_proportional,C_gate_prop,26,8,0,0.9408424174696551,11384.58,193887.43399999998,605595.0700000001,396716.6600000001,11741.291306089744,23520.121306089743,10264.661645833334,22416.615384615383,10.037385461233576,5244.816,11,1,17,4,11.346153846153847
W3_s70_c0.75_cut_proportional,W3,holdout,0.7,0.75,cut_proportional,OTB_marginal,26,8,0,0.8880911716954477,21398.550000000003,185567.08000000002,572767.88,359670.99,5746.7073060897565,15199.767306089756,5746.7073060897565,17990.222692307692,8.534403606832901,3551.2,7,0,0,0,
W4_s50_c0.35_cut_proportional,W4,holdout,0.5,0.35,cut_proportional,A,26,8,0,0.9317277092552491,13329.079999999998,189443.44600000003,582772.19,397451.16000000003,28731.515540064047,29020.71554006404,8999.047366987135,14698.784230769232,6.875420284995017,4235.624000000001,16,0,0,0,
W4_s50_c0.35_cut_proportional,W4,holdout,0.5,0.35,cut_proportional,B,26,11,0,0.8116523867809058,38933.63,165638.72,506780.83999999997,309819.83,6357.249540064124,5215.989540064127,6357.249540064124,9946.179230769232,5.34446661638909,2435.8,13,0,0,0,
W4_s50_c0.35_cut_proportional,W4,holdout,0.5,0.35,cut_proportional,C,26,13,2,0.7560869974578664,49890.310000000005,154901.08800000002,470355.12,276330.89,-6352.082459935936,-5521.642459935935,-6352.082459935936,10018.618461538463,5.821109671237089,2216.7520000000004,13,2,24,4,16.03846153846154
W4_s50_c0.35_cut_proportional,W4,holdout,0.5,0.35,cut_proportional,D,26,19,10,0.43010262687129275,106004.08,98658.67800000001,302584.58999999997,164204.06000000003,-62365.50245993593,-61764.052459935934,-62365.50245993593,9407.192307692309,8.493424860695866,2345.392,19,0,0,0,
W4_s50_c0.35_cut_proportional,W4,holdout,0.5,0.35,cut_proportional,C_gate_prop,26,7,0,0.9128556633085397,17457.12,186017.422,570567.91,380559.03,26562.211540064112,25594.691540064123,9960.477366987216,12833.853846153846,6.130335747854531,3533.608,11,0,24,0,14.846153846153847
W4_s50_c0.35_cut_proportional,W4,holdout,0.5,0.35,cut_proportional,OTB_marginal,26,11,0,0.8292552490349308,34851.04,169740.326,516879.4,322770.33,10862.265540064065,9317.595540064067,9053.033366987169,10855.151538461538,5.731099024667072,2416.784,15,0,0,0,
W4_s70_c0.35_cut_proportional,W4,holdout,0.7,0.35,cut_proportional,A,26,5,0,0.9514320685434516,9306.54,192962.54599999997,594688.25,405521.14,28325.712038141024,31470.40203814103,11517.235134294886,16099.155384615382,7.3807175979524136,4739.064,13,0,0,0,
W4_s70_c0.35_cut_proportional,W4,holdout,0.7,0.35,cut_proportional,B,26,5,0,0.902626871292722,19551.29,184466.02800000002,564100.92,377178.6,24365.01403814101,22973.884038141012,11904.543134294872,11393.321538461536,5.505422068782923,2990.832,12,0,0,0,
W4_s70_c0.35_cut_proportional,W4,holdout,0.7,0.35,cut_proportional,C,26,6,0,0.8746445720741927,24893.5,179534.578,544925.9600000001,355534.13,19724.504038141087,18042.4340381411,12470.075134294908,11662.526923076923,5.850368611717204,2580.0720000000006,13,2,24,4,16.03846153846154
W4_s70_c0.35_cut_proportional,W4,holdout,0.7,0.35,cut_proportional,D,26,20,8,0.4589963280293758,99243.83,105322.456,322798.63,177855.13,-56847.82796185902,-56169.68796185902,-56847.82796185902,9721.89576923077,8.22838471683891,2441.864,18,0,0,0,
W4_s70_c0.35_cut_proportional,W4,holdout,0.7,0.35,cut_proportional,C_gate_prop,26,3,0,0.9266660389793805,14554.97,188755.836,578944.02,386671.36,26707.892038141043,27263.69203814104,12180.783134294867,13281.78653846154,6.2544435723237335,3697.344,11,1,23,8,14.807692307692308
W4_s70_c0.35_cut_proportional,W4,holdout,0.7,0.35,cut_proportional,OTB_marginal,26,5,0,0.9098766594482629,17499.910000000003,186624.21600000001,568152.92,383139.07000000007,24216.762038141012,25132.07203814102,11902.823134294871,12569.005769230771,6.041439826911077,2884.0240000000003,11,0,0,0,
W4_s90_c0.35_cut_proportional,W4,holdout,0.9,0.35,cut_proportional,A,26,3,0,0.9599058469070709,7593.460000000001,194369.722,599644.4099999999,409039.30000000005,26553.614536217963,31808.16453621794,12433.780901602531,17006.867692307693,7.733683345654593,5044.968000000001,8,0,0,0,
W4_s90_c0.35_cut_proportional,W4,holdout,0.9,0.35,cut_proportional,B,26,3,0,0.9146370398267583,17099.859999999997,186731.706,571336.75,383840.67000000004,23776.308536217988,24170.14853621799,14212.224901602574,11912.349999999999,5.684021847766681,3176.5840000000003,11,0,0,0,
W4_s90_c0.35_cut_proportional,W4,holdout,0.9,0.35,cut_proportional,C,26,4,0,0.9048375859146973,18512.5,185489.36200000002,563987.43,372354.67000000004,22172.93453621794,22927.804536217933,13746.538504166645,13414.534615384617,6.501993998377277,3006.288,7,2,24,2,16.03846153846154
W4_s90_c0.35_cut_proportional,W4,holdout,0.9,0.35,cut_proportional,D,26,20,7,0.5053573109876659,88490.21999999999,115946.346,354755.6,199328.42,-47401.13146378209,-46615.21146378209,-47401.13146378209,10062.389615384616,7.752171404331918,2571.584,17,0,0,0,
W4_s90_c0.35_cut_proportional,W4,holdout,0.9,0.35,cut_proportional,C_gate_prop,26,3,0,0.9345974955277281,12975.22,190129.626,583515.99,389741.2800000001,25321.468536217948,27568.068536217965,14246.582901602542,13881.368076923078,6.486569634119648,3903.304,9,0,23,0,14.26923076923077
W4_s90_c0.35_cut_proportional,W4,holdout,0.9,0.35,cut_proportional,OTB_marginal,26,3,0,0.9183993974202053,15808.130000000001,188136.756,573230.3200000001,386167.63,22864.82853621797,25575.19853621797,13751.085702884608,13075.395,6.229144363680054,3063.264,11,0,0,0,
W4_s70_c0.2_cut_proportional,W4,holdout,0.7,0.2,cut_proportional,A,26,9,0,0.927641465022126,14142.800000000001,188871.83800000002,580343.43,392361.24999999994,26143.189021794828,25606.719021794815,10852.890117948697,13947.396923076922,6.551147977196542,3993.5119999999997,20,0,0,0,
W4_s70_c0.2_cut_proportional,W4,holdout,0.7,0.2,cut_proportional,B,26,12,3,0.7272761510215611,56686.89,148046.68399999998,453571.76000000007,266408.53,-16442.894978205113,-15218.434978205114,-16442.894978205113,9567.638846153846,5.742151356716642,2274.576,13,0,0,0,
W4_s70_c0.2_cut_proportional,W4,holdout,0.7,0.2,cut_proportional,C,26,13,3,0.7375162414085302,53868.740000000005,150954.986,458942.49999999994,268887.83,-13573.992978205206,-12310.132978205205,-13573.992978205206,10117.956153846153,6.021744319195727,2184.424,14,2,24,4,16.03846153846154
W4_s70_c0.2_cut_proportional,W4,holdout,0.7,0.2,cut_proportional,D,26,20,10,0.41617550136521986,109282.53000000001,95551.69200000001,292764.74000000005,157413.04,-68279.58697820516,-67713.42697820516,-68279.58697820516,8959.48346153846,8.36050731771144,2173.928,20,0,0,0,
W4_s70_c0.2_cut_proportional,W4,holdout,0.7,0.2,cut_proportional,C_gate_prop,26,7,0,0.8996930609170511,20070.05,183522.17200000002,562878.25,373943.28,22367.91302179489,20257.053021794898,10412.854117948697,12443.37576923077,6.024082264158272,3415.928,15,0,24,0,14.846153846153847
W4_s70_c0.2_cut_proportional,W4,holdout,0.7,0.2,cut_proportional,OTB_marginal,26,13,4,0.700608228980322,62004.58,142834.698,435722.81000000006,253831.18000000002,-21740.920978205162,-20430.420978205162,-21740.920978205162,10097.063461538462,6.321100557362491,2168.872,16,0,0,0,
W4_s70_c0.75_cut_proportional,W4,holdout,0.7,0.75,cut_proportional,A,26,1,0,0.9665492891441484,6246.920000000001,195348.622,603663.89,412000.02999999997,30894.671415064124,38584.41141506415,15117.608511217957,18067.64423076923,8.161552594366093,5412.607999999999,3,0,0,0,
W4_s70_c0.75_cut_proportional,W4,holdout,0.7,0.75,cut_proportional,B,26,0,0,0.9332718199792863,13255.490000000002,190147.524,582562.2000000001,390956.51999999996,29622.383415064105,33383.31341506412,16632.47651121796,13152.626153846153,6.156685250058422,3605.136,1,0,0,0,
W4_s70_c0.75_cut_proportional,W4,holdout,0.7,0.75,cut_proportional,C,26,1,0,0.905199133791545,18070.02,185892.90600000005,564883.55,371494.37000000005,27125.165415064057,29128.69541506407,14809.647665064127,14358.588846153845,6.951177035219634,3045.2239999999997,1,4,22,9,15.961538461538462
W4_s70_c0.75_cut_proportional,W4,holdout,0.7,0.75,cut_proportional,D,26,11,0,0.7302777516241409,36677.659999999996,166980.04200000002,508696.32,320391.47000000003,12893.271415064104,10215.831415064109,8271.034511217942,12059.54346153846,6.486579658472014,3350.448,13,0,0,0,
W4_s70_c0.75_cut_proportional,W4,holdout,0.7,0.75,cut_proportional,C_gate_prop,26,0,0,0.9429319273138123,11064.79,191734.416,589356.76,396396.83,30704.825415064053,34970.20541506405,19248.45451121794,14688.978461538463,6.7953813469495445,4208.944,1,9,11,27,12.423076923076923
W4_s70_c0.75_cut_proportional,W4,holdout,0.7,0.75,cut_proportional,OTB_marginal,26,0,0,0.9354373411166557,12166.470000000001,191352.32,584050.64,393182.13,28180.8494150641,34588.10941506411,16630.756511217958,14498.281153846154,6.7796156851065295,3489.3599999999997,1,0,0,0,
