role,shortfall_rule,policy,n_runs,n_weeks,shortfall_weeks,insolvency_weeks,lost_margin,gross_margin,total_spend,end_net_position,avg_inventory_value,avg_days_inventory,fill_rate,min_cash,gate_binding_weeks,gate_at_risk_weeks,gate_violations
tune,overdraft,A,10,260,76,0,76715.8,2109964.0500000003,4619342.649999999,38344.05361923078,24574.936153846153,9.83159178060738,0.9691348818271802,5202.977415064168,0,0,0
tune,overdraft,B,10,260,44,0,164480.00000000003,2043338.89,4321054.050000001,31681.537619230734,18089.624615384615,7.53220795693335,0.9308009304946786,6473.461415064085,0,0,0
tune,overdraft,C,10,260,49,0,159017.55000000002,2054578.452,4345498.46,32805.49381923074,21006.136153846153,8.724376508542548,0.9301552358193794,3209.401415064145,90,170,168
tune,overdraft,D,10,260,141,14,251271.9,1943476.47,4144348.75,21695.295619230725,21295.276923076923,9.327835474773488,0.793254900339545,-4904.230584935947,0,0,0
tune,overdraft,C_gate_prop,10,260,48,0,112666.87000000001,2083352.5960000001,4522603.13,35682.908219230754,21698.86488461539,8.81566181666696,0.9539236865553649,2848.3394150640815,35,145,133
tune,overdraft,OTB_marginal,10,260,46,0,151213.8,2062984.6500000001,4337845.75,33646.11361923072,19483.62461538462,8.091359906520342,0.9333323577581517,7018.62941506409,0,0,0
holdout,overdraft,A,10,260,136,2,55152.75000000001,1971169.55,4192117.6,29262.462848076917,22416.28596153846,9.88812466701786,0.9688808167803609,-1231.9432858974687,0,0,0
holdout,overdraft,B,10,260,93,4,154866.95,1895391.6300000001,3884872.35,21684.670848076912,15562.105192307692,7.239273612125203,0.9222851734257705,-1921.0936256410605,0,0,0
holdout,overdraft,C,10,260,101,0,136779.41,1913288.73,3904241.39,23474.3808480769,17627.576615384613,8.126105536500152,0.9274228699859195,478.47471410246,23,237,52
holdout,overdraft,D,10,260,204,58,259613.30000000002,1774966.04,3669313.8,9642.111848076902,19159.282115384616,9.554273666376188,0.7623198811895844,-21444.099625641073,0,0,0
holdout,overdraft,C_gate_prop,10,260,108,3,83855.48000000001,1950439.068,4086286.93,27189.414648076905,20012.47973076923,8.928579706343605,0.9551327870256966,-2001.4972858974943,16,219,50
holdout,overdraft,OTB_marginal,10,260,94,2,135477.80000000002,1915243.9000000001,3919096.8499999996,23669.897848076933,16798.385192307695,7.771108074249642,0.9271473007129609,-462.23328589741504,0,0,0
tune,cut_proportional,A,10,260,44,0,121080.23000000001,2072872.108,4446585.22,34634.85941923077,22357.33926923077,9.09769895025665,0.9491435402509729,8129.16590128204,0,0,0
tune,cut_proportional,B,10,260,43,8,258694.24000000002,1952533.042,4021378.99,22600.95281923074,17169.8005,7.45657749492546,0.8888336942096527,-19993.23809871796,0,0,0
tune,cut_proportional,C,10,260,46,8,282470.51,1936901.188,3954905.14,21037.767419230753,18405.044230769232,8.092404297389873,0.8756663784125717,-26704.76009871797,98,162,193
tune,cut_proportional,D,10,260,108,28,494420.9,1715020.094,3462394.27,-1150.3419807692824,17374.183923076922,8.617490606261693,0.6992055995860651,-51528.954098717964,0,0,0
tune,cut_proportional,C_gate_prop,10,260,41,6,207905.7,1995617.1020000002,4185682.09,26909.35881923075,19517.039615384616,8.238932086136444,0.9111815456700822,-18572.85409871797,39,141,152
tune,cut_proportional,OTB_marginal,10,260,44,3,217406.83000000002,1999697.06,4112239.9800000004,27317.354619230733,18565.091346153848,7.934109231773843,0.9040904565685862,-10048.668098717959,0,0,0
holdout,cut_proportional,A,10,260,107,24,310878.0,1733399.74,3477061.13,5485.4818480769045,17333.206384615383,8.94819253341602,0.849346065070033,-52755.80362564104,0,0,0
holdout,cut_proportional,B,10,260,98,37,506605.84,1552927.148,2950147.62,-12561.777351923098,12868.210192307692,7.596126439019064,0.7572253256889792,-63073.47962564109,0,0,0
holdout,cut_proportional,C,10,260,104,29,441935.6,1617417.0920000002,3049625.6900000004,-6112.782951923118,14400.344115384616,7.991728841664826,0.7843232766883574,-50668.36762564107,26,234,70
holdout,cut_proportional,D,10,260,199,97,1014420.45,1047740.8500000001,1791145.54,-63080.40715192312,11886.049384615386,10.428857927789654,0.4489258209145546,-98402.26162564108,0,0,0
holdout,cut_proportional,C_gate_prop,10,260,90,27,355388.45,1694934.858,3347180.4000000004,1638.9936480769138,15508.381346153847,8.25544766987171,0.8284911404438287,-58567.04762564105,14,220,46
holdout,cut_proportional,OTB_marginal,10,260,97,29,430596.49000000005,1628644.058,3111354.63,-4990.086351923087,13861.859115384616,7.699077605704207,0.7894967785538544,-51921.92562564103,0,0,0
